Age,BusinessTravel,DailyRate,Department,DistanceFromHome,Education,EducationField,EmployeeCount,EmployeeNumber,EnvironmentSatisfaction,Gender,HourlyRate,JobInvolvement,JobLevel,JobRole,JobSatisfaction,MaritalStatus,MonthlyIncome,MonthlyRate,NumCompaniesWorked,Over18,OverTime,PercentSalaryHike,PerformanceRating,RelationshipSatisfaction,StandardHours,StockOptionLevel,TotalWorkingYears,TrainingTimesLastYear,WorkLifeBalance,YearsAtCompany,YearsInCurrentRole,YearsSinceLastPromotion,YearsWithCurrManager,prob_take_rcc,prob_stay
,Travel_Rarely,866,Sales,,3,Medical,1,1469,4,Male,84,3,2,Sales Executive,1,Single,8463,23490,0,Y,No,18,3,4,80,0,6,4,3,5,4,1,3,0.037895305,0.962104695
53,Travel_Rarely,1084,Research & Development,13,2,Medical,1,250,4,Female,57,4,2,Manufacturing Director,1,Divorced,4450,26250,1,Y,No,11,3,3,80,2,5,3,3,4,2,1,3,0.003030546,0.996969454
24,Travel_Rarely,240,Human Resources,22,1,Human Resources,1,1714,4,Male,58,1,1,Human Resources,3,Married,1555,11585,1,Y,No,11,3,3,80,1,1,2,3,1,0,0,0,0.307856114,0.692143886
45,Travel_Rarely,1339,Research & Development,7,3,Life Sciences,1,86,2,Male,59,3,3,Research Scientist,1,Divorced,9724,18787,2,Y,No,17,3,3,80,1,25,2,3,1,0,0,0,0.004299966,0.995700034
36,Travel_Rarely,1396,Research & Development,,2,Life Sciences,1,304,4,Male,62,3,2,Laboratory Technician,2,Single,5914,9945,8,Y,No,16,3,4,80,0,16,3,4,13,11,3,7,0.022942231,0.977057769
34,Travel_Rarely,204,Sales,14,3,Technical Degree,1,666,3,Female,31,3,1,Sales Representative,3,Divorced,2579,2912,1,Y,Yes,18,3,4,80,2,8,3,3,8,2,0,6,0.343284157,0.656715843
,Travel_Rarely,144,Research & Development,22,3,Life Sciences,1,577,4,Male,46,1,1,Laboratory Technician,3,Single,4230,19225,0,Y,No,15,3,3,80,0,6,2,3,5,4,4,3,0.299122774,0.700877226
39,Travel_Rarely,1431,Research & Development,1,4,Medical,1,332,3,Female,96,3,1,Laboratory Technician,3,,2232,15417,7,Y,No,14,3,3,80,3,7,1,3,3,2,1,2,0.054711309,0.945288691
45,Non-Travel,1052,Sales,6,3,Medical,1,302,4,Female,57,2,3,Sales Executive,4,Single,8865,16840,6,Y,No,12,3,4,80,0,23,2,3,19,7,12,8,0.395975398,0.604024602
,Travel_Rarely,1229,Research & Development,8,1,Life Sciences,1,63,4,Male,36,4,1,Laboratory Technician,4,Married,2269,4892,1,Y,No,19,3,4,80,0,1,2,3,1,0,0,1,0.015225096,0.984774904
47,Travel_Rarely,1454,Sales,2,4,Life Sciences,1,925,4,Female,65,2,1,Sales Representative,4,Single,3294,13137,1,Y,Yes,18,3,1,80,0,3,3,2,3,2,1,2,0.668826312,0.331173688
43,Travel_Rarely,531,Sales,4,4,Marketing,1,1293,4,Female,56,2,3,Sales Executive,4,Single,10231,20364,3,Y,No,14,3,4,80,0,23,3,4,21,7,15,17,0.402195827,0.597804173
44,Travel_Rarely,625,Research & Development,4,3,Medical,1,852,4,Male,50,3,2,Healthcare Representative,2,Single,5933,5197,9,Y,No,12,3,4,80,0,10,2,2,5,2,2,3,0.138819148,0.861180852
40,Travel_Rarely,1171,Research & Development,10,4,Life Sciences,1,483,4,Female,46,4,1,Laboratory Technician,3,Married,2213,22495,3,Y,Yes,13,3,3,80,1,10,3,3,7,7,1,7,0.040860478,0.959139522
22,Travel_Rarely,581,Research & Development,1,2,Life Sciences,1,2007,4,Male,63,3,1,Research Scientist,3,Single,3375,17624,0,Y,No,12,3,4,80,0,4,2,4,3,2,1,2,0.033384299,0.966615701
30,Travel_Frequently,1312,Research & Development,2,4,Technical Degree,1,1745,4,Female,78,2,1,Research Scientist,1,Single,4968,26427,0,Y,No,16,3,4,80,0,10,2,3,9,7,0,7,0.076425659,0.923574341
29,Travel_Frequently,461,Research & Development,1,3,Life Sciences,1,1753,4,Male,70,4,2,Healthcare Representative,3,Single,6294,23060,8,Y,Yes,12,3,4,80,0,10,5,4,3,2,0,2,0.137869777,0.862130223
36,Travel_Rarely,885,Research & Development,16,4,Life Sciences,1,1042,3,Female,43,4,1,Laboratory Technician,1,Single,2743,8269,1,Y,No,16,3,3,80,0,18,1,3,17,13,15,14,0.112164918,0.887835082
47,Non-Travel,666,Research & Development,29,4,Life Sciences,1,376,1,Male,88,3,3,Manager,2,,11849,10268,1,Y,Yes,12,3,4,80,1,10,2,2,10,7,9,9,0.273616812,0.726383188
34,Travel_Frequently,829,Research & Development,15,3,Medical,1,1485,2,Male,71,3,4,Research Director,1,Divorced,17007,11929,7,Y,No,14,3,4,80,2,16,3,2,14,8,6,9,0.0398308,0.9601692
31,Travel_Frequently,307,Research & Development,29,2,Medical,1,355,3,Male,71,2,1,Laboratory Technician,2,Single,3479,11652,0,Y,No,11,3,2,80,0,6,2,4,5,4,1,4,0.333172998,0.666827002
47,Travel_Rarely,983,Research & Development,2,2,Medical,1,574,1,Female,65,3,2,Manufacturing Director,4,Divorced,5070,7389,5,Y,No,13,3,3,80,3,20,2,3,5,0,0,4,0.002944679,0.997055321
32,Travel_Rarely,601,Sales,7,5,Marketing,1,1446,4,Male,97,3,2,Sales Executive,4,Married,9204,23343,4,Y,No,12,3,3,80,1,7,3,2,4,3,0,3,0.011411071,0.988588929
38,Travel_Rarely,322,Sales,7,2,Medical,1,382,1,Female,44,4,2,Sales Executive,1,Divorced,5605,19191,1,Y,Yes,24,4,3,80,1,8,3,3,8,0,7,7,0.459166036,0.540833964
33,Travel_Rarely,1242,Sales,8,4,Life Sciences,1,1560,1,Male,46,3,2,Sales Executive,1,Married,6392,10589,2,Y,No,13,3,4,80,1,8,6,1,2,2,2,2,0.080819598,0.919180402
55,Travel_Rarely,,Sales,26,5,Marketing,1,1578,3,Male,60,2,5,Manager,4,Married,19586,23037,1,Y,No,21,4,3,80,1,36,3,3,36,6,2,13,0.049496024,0.950503976
27,Travel_Rarely,618,Research & Development,4,3,Life Sciences,1,933,2,Female,76,3,1,Research Scientist,3,Single,2318,17808,1,Y,No,19,3,3,80,0,1,2,3,1,1,0,0,0.057735142,0.942264858
33,Travel_Rarely,586,Sales,1,3,Medical,1,855,1,Male,48,4,2,Sales Executive,1,Divorced,4037,21816,1,Y,No,22,4,1,80,1,9,5,3,9,8,0,8,0.008859251,0.991140749
44,Travel_Rarely,1467,Research & Development,20,3,Life Sciences,1,1475,4,Male,49,3,1,Research Scientist,2,Single,3420,21158,1,Y,No,13,3,3,80,0,6,3,2,5,2,1,3,0.182186441,0.817813559
34,Travel_Rarely,470,Research & Development,2,4,Life Sciences,1,339,4,Male,84,2,2,Manufacturing Director,1,Married,5957,23687,6,Y,No,13,3,2,80,1,13,3,3,11,9,5,9,0.019630432,0.980369568
30,Travel_Rarely,305,Research & Development,16,3,Life Sciences,1,1763,3,Male,58,4,2,Healthcare Representative,3,Married,5294,9128,3,Y,No,16,3,3,80,1,10,3,3,7,0,1,7,0.013318027,0.986681973
,Travel_Rarely,1066,Research & Development,2,2,Medical,1,1018,4,Male,32,4,2,Manufacturing Director,4,Married,5472,3334,1,Y,No,12,3,2,80,0,8,2,3,8,7,1,3,0.001701455,0.998298545
40,Travel_Frequently,791,Research & Development,2,2,Medical,1,807,3,Female,38,4,2,Healthcare Representative,2,Married,4244,9931,1,Y,No,24,4,4,80,1,8,2,3,8,7,3,7,0.001754087,0.998245913
37,Travel_Rarely,799,Research & Development,1,3,Technical Degree,1,623,2,Female,59,3,3,Manufacturing Director,4,Single,7491,23848,4,Y,No,17,3,4,80,0,12,3,4,6,5,1,2,0.074589538,0.925410462
36,Travel_Rarely,1456,Sales,13,5,Marketing,1,1733,2,Male,96,2,2,Sales Executive,1,Divorced,6134,8658,5,Y,Yes,13,3,2,80,3,16,3,3,2,2,2,2,0.24774574,0.75225426
,Travel_Rarely,882,Sales,,4,Life Sciences,1,984,4,Male,92,3,3,Sales Executive,4,Divorced,7823,6812,6,Y,No,13,3,2,80,1,12,2,3,10,9,0,8,0.013979798,0.986020202
40,Non-Travel,218,Research & Development,8,1,Medical,1,1468,4,Male,55,2,3,Research Director,2,Divorced,13757,25178,2,Y,No,11,3,3,80,1,16,5,3,9,8,4,8,0.001161596,0.998838404
41,Non-Travel,,Research & Development,,2,Life Sciences,1,1210,1,Male,95,2,1,Research Scientist,1,Divorced,2107,20293,6,Y,No,17,3,1,80,1,5,2,1,1,0,0,0,0.370579753,0.629420247
,Travel_Rarely,1434,Research & Development,,4,Technical Degree,1,65,3,Male,50,3,1,Laboratory Technician,3,Single,3441,11179,1,Y,Yes,13,3,3,80,0,2,3,2,2,2,2,2,0.935021514,0.064978486
,Travel_Rarely,1217,Research & Development,1,3,Medical,1,1834,3,Female,67,3,1,Research Scientist,1,Married,3591,12719,1,Y,No,25,4,3,80,1,3,3,3,3,2,1,2,0.018154253,0.981845747
38,Travel_Rarely,702,Sales,1,4,Life Sciences,1,230,1,Female,59,2,2,Sales Executive,4,Single,8686,12930,4,Y,No,22,4,3,80,0,12,2,4,8,3,0,7,0.042739205,0.957260795
40,Travel_Rarely,1342,Sales,9,2,Medical,1,1548,1,Male,47,3,2,Sales Executive,1,Married,5473,19345,0,Y,No,12,3,4,80,0,9,5,4,8,4,7,1,0.129133519,0.870866481
32,Non-Travel,1200,Research & Development,1,4,Technical Degree,1,1574,4,Male,62,3,2,Research Scientist,1,Married,4087,25174,4,Y,No,14,3,2,80,1,9,3,2,6,5,1,2,0.021230362,0.978769638
38,Travel_Frequently,1186,Research & Development,,4,Other,1,1060,3,Male,44,3,1,Research Scientist,3,Married,2821,2997,3,Y,No,16,3,1,80,1,8,2,3,2,2,2,2,0.098116857,0.901883143
33,Travel_Rarely,350,Sales,,3,Marketing,1,485,4,Female,34,3,1,Sales Representative,3,Single,2851,9150,1,Y,Yes,13,3,2,80,0,1,2,3,1,0,0,0,0.789289374,0.210710626
38,Non-Travel,1327,Sales,2,2,Life Sciences,1,361,4,Male,39,2,2,Sales Executive,4,Married,5249,19682,3,Y,No,18,3,4,80,1,13,0,3,8,7,7,5,0.00852384,0.99147616
40,Travel_Rarely,299,Sales,25,4,Marketing,1,1318,4,Male,57,2,3,Sales Executive,2,Single,9094,17235,2,Y,Yes,12,3,3,80,0,9,2,3,5,4,1,0,0.897515283,0.102484717
33,Travel_Rarely,118,Sales,16,3,Marketing,1,819,1,Female,69,3,2,Sales Executive,1,Single,5324,26507,5,Y,No,15,3,3,80,0,6,3,3,3,2,0,2,0.332347389,0.667652611
50,Travel_Frequently,562,Sales,8,2,Technical Degree,1,723,2,Male,50,3,2,Sales Executive,3,Married,6796,23452,3,Y,Yes,14,3,1,80,1,18,4,3,4,3,1,3,0.300241963,0.699758037
19,Non-Travel,504,Research & Development,10,3,Medical,1,1248,1,Female,96,2,1,Research Scientist,2,Single,1859,6148,1,Y,Yes,25,4,2,80,0,1,2,4,1,1,0,0,0.621802795,0.378197205
46,Travel_Rarely,1009,Research & Development,2,3,Life Sciences,1,575,1,Male,51,3,4,Research Director,3,Married,17861,2288,6,Y,No,13,3,3,80,0,26,2,1,3,2,0,1,0.001787609,0.998212391
31,Travel_Rarely,691,Research & Development,,4,Technical Degree,1,423,3,Male,86,3,1,Research Scientist,4,Married,4821,10077,0,Y,Yes,12,3,3,80,1,6,4,3,5,2,0,3,0.291695622,0.708304378
51,Travel_Rarely,684,Research & Development,6,3,Life Sciences,1,162,1,Male,51,3,5,Research Director,3,Single,19537,6462,7,Y,No,13,3,3,80,0,23,5,3,20,18,15,15,0.024120972,0.975879028
34,Travel_Rarely,507,Sales,15,2,Medical,1,1356,3,Female,66,3,2,Sales Executive,1,Single,6125,23553,1,Y,No,12,3,4,80,0,10,6,4,10,8,9,6,0.056657305,0.943342695
29,Travel_Rarely,1082,Research & Development,9,4,Medical,1,1709,4,Female,43,3,1,Laboratory Technician,3,Married,2974,25412,9,Y,No,17,3,3,80,1,9,2,3,5,3,1,2,0.131139698,0.868860302
32,Travel_Frequently,1316,Research & Development,2,2,Life Sciences,1,1235,4,Female,38,3,2,Research Scientist,3,Single,4998,2338,4,Y,Yes,14,3,4,80,0,10,2,3,8,7,0,7,0.036536104,0.963463896
40,Travel_Rarely,905,Research & Development,19,2,Medical,1,281,3,Male,99,3,2,Laboratory Technician,4,Married,2741,16523,8,Y,Yes,15,3,3,80,1,15,2,4,7,2,3,7,0.300106775,0.699893225
33,Travel_Frequently,1303,Research & Development,7,2,Life Sciences,1,1970,4,Male,36,3,2,Healthcare Representative,3,Divorced,5968,18079,1,Y,No,20,4,3,80,3,9,2,3,9,7,2,8,0.001612369,0.998387631
34,Travel_Rarely,970,Research & Development,8,2,Medical,1,757,2,Female,96,3,2,Healthcare Representative,3,Single,6142,7360,3,Y,No,11,3,4,80,0,10,2,3,5,1,4,3,0.044807247,0.955192753
39,Travel_Frequently,711,Research & Development,4,3,Medical,1,1633,1,Female,81,3,2,Manufacturing Director,3,Single,5042,3140,0,Y,No,13,3,4,80,0,10,2,1,9,2,3,8,0.081437427,0.918562573
45,Travel_Rarely,176,Human Resources,4,3,Life Sciences,1,1744,3,Female,56,1,3,Human Resources,3,Married,9756,6595,4,Y,No,21,4,3,80,2,9,2,4,5,0,0,3,0.038804749,0.961195251
21,Travel_Rarely,1334,Research & Development,10,3,Life Sciences,1,1079,3,Female,36,2,1,Laboratory Technician,1,Single,1416,17258,1,Y,No,13,3,1,80,0,1,6,2,1,0,1,0,0.537047957,0.462952043
31,Travel_Frequently,1445,Research & Development,1,5,Life Sciences,1,1459,3,Female,100,4,3,Manufacturing Director,2,Single,7446,8931,1,Y,No,11,3,1,80,0,10,2,3,10,8,4,7,0.028724554,0.971275446
50,Travel_Rarely,691,Research & Development,2,3,Medical,1,815,3,Male,64,3,4,Research Director,3,Married,17639,6881,5,Y,No,16,3,4,80,0,30,3,3,4,3,0,3,0.000293773,0.999706227
37,Travel_Rarely,1141,Research & Development,11,2,Medical,1,1033,1,Female,61,1,2,Healthcare Representative,2,Married,4777,14382,5,Y,No,15,3,1,80,0,15,2,1,1,0,0,0,0.13647563,0.86352437
,Travel_Rarely,556,Research & Development,23,2,Life Sciences,1,261,2,Male,50,2,2,Manufacturing Director,3,Married,5916,15497,3,Y,Yes,13,3,1,80,0,8,1,3,1,0,0,1,0.508980051,0.491019949
27,Travel_Rarely,1130,Sales,8,4,Marketing,1,458,2,Female,56,3,2,Sales Executive,2,Married,6214,3415,1,Y,No,18,3,1,80,1,8,3,3,8,7,0,7,0.016269817,0.983730183
37,Travel_Rarely,783,Research & Development,7,4,Medical,1,1885,4,Male,78,3,2,Research Scientist,1,Married,4284,13588,5,Y,Yes,22,4,3,80,1,16,2,3,5,3,0,4,0.04507143,0.95492857
,Travel_Rarely,1117,Research & Development,8,2,Life Sciences,1,395,4,Female,66,3,1,Research Scientist,4,Single,3310,4488,1,Y,No,21,4,4,80,0,5,3,3,5,3,0,2,0.01499073,0.98500927
40,Travel_Rarely,898,Human Resources,6,2,Medical,1,1550,3,Male,38,3,4,Manager,4,Single,16437,17381,1,Y,Yes,21,4,4,80,0,21,2,3,21,7,7,7,0.13076811,0.86923189
36,Travel_Rarely,335,Sales,17,2,Marketing,1,1908,3,Male,33,2,2,Sales Executive,2,Married,5507,16822,2,Y,No,16,3,3,80,2,12,1,1,4,2,1,3,0.248492701,0.751507299
46,Travel_Rarely,705,Sales,2,4,Marketing,1,38,2,Female,83,3,5,Manager,1,Single,18947,22822,3,Y,No,12,3,4,80,0,22,2,2,2,2,2,1,0.036109552,0.963890448
37,Travel_Rarely,558,Sales,2,3,Marketing,1,656,4,Male,75,3,2,Sales Executive,3,Married,9602,3010,4,Y,Yes,11,3,3,80,1,17,3,2,3,0,1,0,0.098292869,0.901707131
,Travel_Rarely,776,Sales,1,4,Marketing,1,100,3,Male,32,2,2,Sales Executive,1,Single,4312,23016,0,Y,No,14,3,2,80,0,16,2,3,15,13,2,8,0.051124088,0.948875912
29,Travel_Rarely,1329,Research & Development,7,3,Life Sciences,1,1260,3,Male,82,3,2,Healthcare Representative,4,Divorced,6623,4204,1,Y,Yes,11,3,2,80,2,6,2,3,6,0,1,0,0.075622419,0.924377581
55,Travel_Rarely,,Research & Development,8,3,Medical,1,84,4,Female,33,3,4,Manager,3,Divorced,14756,19730,2,Y,Yes,14,3,3,80,3,21,2,3,5,0,0,2,0.002169244,0.997830756
34,Travel_Frequently,426,Research & Development,10,4,Life Sciences,1,1615,3,Male,42,4,2,Manufacturing Director,4,Divorced,4724,17000,1,Y,No,13,3,1,80,1,9,3,3,9,7,7,2,0.009868505,0.990131495
34,Travel_Rarely,1111,Sales,8,2,Life Sciences,1,808,3,Female,93,3,2,Sales Executive,1,Married,6500,13305,5,Y,No,17,3,2,80,1,6,1,3,3,2,1,2,0.061731481,0.938268519
36,Travel_Rarely,363,Research & Development,1,3,Technical Degree,1,1237,3,Female,77,1,3,Manufacturing Director,1,Divorced,10252,4235,2,Y,Yes,21,4,3,80,1,17,2,3,7,7,7,7,0.229901117,0.770098883
30,Travel_Rarely,634,Research & Development,17,4,Medical,1,1321,2,Female,95,3,3,Manager,1,Married,11916,25927,1,Y,Yes,23,4,4,80,2,9,2,3,9,1,0,8,0.270368859,0.729631141
53,Travel_Rarely,1223,Research & Development,7,2,Medical,1,1201,4,Female,50,3,5,Manager,3,Divorced,18606,18640,3,Y,No,18,3,2,80,1,26,6,3,7,7,4,7,0.00018811,0.99981189
39,Travel_Rarely,141,Human Resources,,3,Human Resources,1,760,3,Female,44,4,2,Human Resources,2,Married,6389,18767,9,Y,No,15,3,3,80,1,12,3,1,8,3,3,6,0.044116951,0.955883049
58,Travel_Rarely,605,Sales,21,3,Life Sciences,1,1938,4,Female,72,3,4,Manager,4,Married,17875,11761,4,Y,Yes,13,3,3,80,1,29,2,2,1,0,0,0,0.003841713,0.996158287
,Travel_Rarely,622,Sales,13,1,Medical,1,645,2,Male,40,3,1,Sales Representative,3,Married,2096,26376,1,Y,No,11,3,3,80,0,7,1,3,7,4,0,6,0.065971591,0.934028409
29,Travel_Rarely,408,Sales,23,1,Life Sciences,1,1165,4,Female,45,2,3,Sales Executive,1,Married,7336,11162,1,Y,No,13,3,1,80,1,11,3,1,11,8,3,10,0.232514172,0.767485828
44,Non-Travel,981,Research & Development,,3,Life Sciences,1,1471,3,Male,90,2,1,Laboratory Technician,3,Single,3162,7973,3,Y,No,14,3,4,80,0,7,5,3,5,2,0,3,0.166017476,0.833982524
41,Travel_Rarely,1206,Sales,23,2,Life Sciences,1,1678,4,Male,80,3,3,Sales Executive,3,Single,7082,11591,3,Y,Yes,16,3,4,80,0,21,2,3,2,0,0,2,0.378000505,0.621999495
44,,1112,Human Resources,1,4,Life Sciences,1,665,1,Female,50,2,2,Human Resources,3,Single,5985,26894,4,Y,No,11,3,2,80,0,10,1,4,2,2,0,2,0.029332335,0.970667665
32,Travel_Rarely,638,Research & Development,8,2,Medical,1,865,3,Female,91,4,2,Research Scientist,3,Married,5175,22162,5,Y,No,12,3,3,80,1,9,3,2,5,3,1,3,0.005713387,0.994286613
30,Travel_Frequently,721,Research & Development,1,2,Medical,1,57,3,Female,58,3,2,Laboratory Technician,4,Single,4011,10781,1,Y,No,23,4,4,80,0,12,2,3,12,8,3,7,0.013119753,0.986880247
37,Travel_Rarely,1115,Research & Development,1,4,Life Sciences,1,77,1,Male,51,2,2,Manufacturing Director,3,Divorced,5993,2689,1,Y,No,18,3,3,80,1,7,2,4,7,5,0,7,0.005053389,0.994946611
21,Travel_Rarely,391,Research & Development,15,2,Life Sciences,1,30,3,Male,96,3,1,Research Scientist,4,Single,1232,19281,1,Y,No,14,3,4,80,0,0,6,3,0,0,0,0,0.076395158,0.923604842
39,Travel_Rarely,119,Sales,15,4,Marketing,1,1975,2,Male,77,3,4,Sales Executive,1,Single,13341,25098,0,Y,No,12,3,1,80,0,21,3,3,20,8,11,10,0.554842593,0.445157407
30,Travel_Rarely,202,Sales,2,1,Technical Degree,1,508,3,Male,72,3,1,Sales Representative,2,Married,2476,17434,1,Y,No,18,3,1,80,1,1,3,3,1,0,0,0,0.276944653,0.723055347
37,Travel_Rarely,1189,Sales,,3,Life Sciences,1,152,3,Male,87,3,3,Sales Executive,4,Single,7428,14506,2,Y,No,12,3,1,80,0,12,3,3,5,3,1,3,0.150644678,0.849355322
31,Travel_Rarely,1232,Research & Development,7,4,Medical,1,462,3,Female,39,3,3,Manufacturing Director,4,Single,7143,25713,1,Y,Yes,14,3,3,80,0,11,2,2,11,9,4,10,0.150190244,0.849809756
29,,1246,Sales,19,3,Life Sciences,1,1497,3,Male,77,2,2,Sales Executive,3,Divorced,8620,23757,1,Y,No,14,3,3,80,2,10,3,3,10,7,0,4,0.004237618,0.995762382
37,Non-Travel,1063,Research & Development,25,5,Medical,1,529,2,Female,72,3,2,Research Scientist,3,Married,4449,23866,3,Y,Yes,15,3,1,80,2,15,2,3,13,11,10,7,0.039997931,0.960002069
47,Travel_Rarely,571,Sales,14,3,Medical,1,1503,3,Female,78,3,2,Sales Executive,3,Married,4591,24200,3,Y,Yes,17,3,3,80,1,11,4,2,5,4,1,2,0.112215875,0.887784125
46,Travel_Rarely,1125,Sales,10,3,Marketing,1,580,3,Female,94,2,3,Sales Executive,4,Married,9071,11563,2,Y,Yes,19,3,3,80,1,15,3,3,3,2,1,2,0.160132009,0.839867991
55,Travel_Rarely,452,Research & Development,1,3,Medical,1,374,4,Male,81,3,5,Manager,1,Single,19045,18938,0,Y,Yes,14,3,3,80,0,37,2,3,36,10,4,13,0.09165842,0.90834158
,Travel_Rarely,950,Research & Development,,3,Medical,1,1121,4,Female,93,3,3,Manufacturing Director,2,Divorced,7655,8039,0,Y,No,17,3,2,80,3,10,3,2,9,7,1,7,0.003652509,0.996347491
49,Travel_Rarely,1184,Sales,11,3,Marketing,1,840,3,Female,43,3,3,Sales Executive,4,,7654,5860,1,Y,No,18,3,1,80,2,9,3,4,9,8,7,7,0.01579046,0.98420954
27,Travel_Rarely,1291,Sales,11,3,Medical,1,1364,3,Female,98,4,1,Sales Representative,4,Married,2534,6527,8,Y,No,14,3,2,80,1,5,4,3,1,0,0,0,0.132838994,0.867161006
48,Travel_Rarely,1355,Research & Development,4,4,Life Sciences,1,1024,3,Male,78,2,3,Healthcare Representative,3,Single,10999,22245,7,Y,No,14,3,2,80,0,27,3,3,15,11,4,8,0.039625711,0.960374289
38,Travel_Rarely,770,Sales,10,4,Marketing,1,1119,3,Male,73,2,3,Sales Executive,3,Divorced,8740,5569,0,Y,Yes,14,3,2,80,2,9,2,3,8,7,2,7,0.275955036,0.724044964
46,Non-Travel,1144,Research & Development,7,4,Medical,1,487,3,Female,30,3,2,Manufacturing Director,3,Married,5258,16044,2,Y,No,14,3,3,80,0,7,2,4,1,0,0,0,0.003210017,0.996789983
32,Travel_Frequently,1318,Sales,10,4,Marketing,1,1853,4,Male,79,3,2,Sales Executive,4,Single,4648,26075,8,Y,No,13,3,3,80,0,4,2,4,0,0,0,0,0.375331163,0.624668837
37,Travel_Rarely,397,Research & Development,7,4,Medical,1,102,1,Male,30,3,3,Research Director,3,Single,13664,25258,4,Y,No,13,3,1,80,0,16,3,4,5,2,0,2,0.075619258,0.924380742
45,Travel_Rarely,252,Research & Development,1,3,Other,1,336,3,Male,70,4,5,Manager,4,Married,19202,15970,0,Y,No,11,3,3,80,1,25,2,3,24,0,1,7,0.009236616,0.990763384
,Travel_Rarely,763,Sales,15,2,Medical,1,1645,1,Male,59,1,2,Sales Executive,4,Divorced,5440,22098,6,Y,Yes,14,3,4,80,2,7,2,2,2,2,2,2,0.68165691,0.31834309
45,Travel_Rarely,1015,Research & Development,,5,Medical,1,1611,3,Female,50,1,2,Laboratory Technician,1,Single,5769,23447,1,Y,Yes,14,3,1,80,0,10,3,3,10,7,1,4,0.335047688,0.664952312
31,Non-Travel,1188,Sales,20,2,Marketing,1,947,4,Female,45,3,2,Sales Executive,3,Married,6932,24406,1,Y,No,13,3,4,80,1,9,2,2,9,8,0,0,0.010732864,0.989267136
30,Travel_Rarely,1176,Research & Development,20,3,Other,1,1084,3,Male,85,3,2,Manufacturing Director,1,Married,9957,9096,0,Y,No,15,3,3,80,1,7,1,2,6,2,0,2,0.052572316,0.947427684
38,Travel_Frequently,1490,Research & Development,2,2,Life Sciences,1,556,4,Male,42,3,1,Laboratory Technician,4,Married,1702,12106,1,Y,Yes,23,4,3,80,1,1,3,3,1,0,0,0,0.446668766,0.553331234
45,Travel_Rarely,1316,Research & Development,29,3,Medical,1,192,3,Male,83,3,1,Research Scientist,4,Single,3452,9752,5,Y,No,13,3,2,80,0,9,2,2,6,5,0,3,0.235820592,0.764179408
59,Travel_Frequently,1225,Sales,1,1,Life Sciences,1,91,1,Female,57,2,2,Sales Executive,3,Single,5473,24668,7,Y,No,11,3,4,80,0,20,2,2,4,3,1,3,0.084110848,0.915889152
29,Travel_Rarely,1389,Research & Development,21,4,Life Sciences,1,20,2,Female,51,4,3,Manufacturing Director,1,Divorced,9980,10195,1,Y,No,11,3,3,80,1,10,1,3,10,9,8,8,0.014911279,0.985088721
49,Travel_Rarely,809,Research & Development,1,3,Life Sciences,1,1677,3,Male,36,3,4,Manager,3,Single,15379,22384,4,Y,No,14,3,1,80,0,23,2,3,8,7,0,0,0.004598016,0.995401984
33,Travel_Rarely,1099,Research & Development,4,4,Medical,1,1502,1,Female,82,2,1,Laboratory Technician,2,Married,3838,8192,8,Y,No,11,3,4,80,0,8,5,3,5,4,0,2,0.203876652,0.796123348
56,Travel_Rarely,1255,Research & Development,1,2,Life Sciences,1,1441,1,Female,90,3,1,Research Scientist,1,Married,2066,10494,2,Y,No,22,4,4,80,1,5,3,4,3,2,1,0,0.022191555,0.977808445
34,Travel_Rarely,943,Research & Development,9,3,Life Sciences,1,1344,4,Male,86,3,3,Healthcare Representative,4,Divorced,8500,5494,0,Y,No,11,3,4,80,1,10,0,2,9,7,1,6,0.002445522,0.997554478
51,Travel_Frequently,968,Research & Development,6,2,Medical,1,1297,2,Female,40,2,1,Laboratory Technician,3,Single,2838,4257,0,Y,No,14,3,2,80,0,8,6,2,7,0,7,7,0.755739314,0.244260686
53,Non-Travel,661,Research & Development,1,4,Medical,1,1775,1,Female,60,2,4,Manufacturing Director,3,Married,12965,22308,4,Y,Yes,20,4,4,80,3,27,2,2,3,2,0,2,0.002983845,0.997016155
38,Travel_Frequently,240,Research & Development,2,4,Life Sciences,1,803,1,Female,75,4,2,Manufacturing Director,1,Single,5980,26085,6,Y,Yes,12,3,4,80,0,17,2,3,15,7,4,12,0.307597547,0.692402453
19,Travel_Rarely,489,Human Resources,2,2,Technical Degree,1,566,1,Male,52,2,1,Human Resources,4,Single,2564,18437,1,Y,No,12,3,3,80,0,1,3,4,1,0,0,0,0.5895203,0.4104797
,Travel_Rarely,1356,Sales,10,4,Life Sciences,1,1240,3,Male,57,3,2,Sales Executive,4,Single,4950,20623,0,Y,No,14,3,2,80,0,5,4,3,4,3,1,1,0.050399009,0.949600991
39,Travel_Frequently,203,Research & Development,2,3,Life Sciences,1,1127,1,Male,84,3,4,Healthcare Representative,4,Divorced,12169,13547,7,Y,No,11,3,4,80,3,21,4,3,18,7,11,5,0.050506402,0.949493598
39,Travel_Rarely,408,Research & Development,2,4,Technical Degree,1,721,4,Female,80,2,2,Healthcare Representative,3,Single,4553,20978,1,Y,No,11,3,1,80,0,20,4,3,20,7,11,10,0.200437659,0.799562341
31,Travel_Rarely,218,Sales,7,3,Technical Degree,1,416,2,Male,100,4,2,Sales Executive,4,Married,6929,12241,4,Y,No,11,3,2,80,1,10,3,2,8,7,7,7,0.081033057,0.918966943
29,Travel_Frequently,574,Research & Development,20,1,Medical,1,1852,4,Male,40,3,1,Laboratory Technician,4,Married,3812,7003,1,Y,No,13,3,2,80,0,11,3,4,11,8,3,10,0.020778429,0.979221571
18,Non-Travel,1431,Research & Development,14,3,Medical,1,1839,2,Female,33,3,1,Research Scientist,3,Single,1514,8018,1,Y,No,16,3,3,80,0,0,4,1,0,0,0,0,0.137611493,0.862388507
60,Travel_Frequently,1499,Sales,28,3,Marketing,1,573,3,Female,80,2,3,Sales Executive,1,Married,10266,2845,4,Y,No,19,3,4,80,0,22,5,4,18,13,13,11,0.184961154,0.815038846
33,Travel_Frequently,827,Research & Development,29,4,Medical,1,1101,1,Female,54,2,2,Research Scientist,3,Single,4508,3129,1,Y,No,22,4,2,80,0,14,4,3,13,7,3,8,0.056768961,0.943231039
,Travel_Rarely,1384,Research & Development,,4,Medical,1,1177,1,Male,82,4,1,Laboratory Technician,4,Married,4420,13421,1,Y,No,22,4,2,80,1,8,2,3,8,7,0,7,0.01486443,0.98513557
34,Travel_Rarely,285,Research & Development,29,3,Medical,1,1377,2,Male,86,3,2,Laboratory Technician,3,Married,5429,17491,4,Y,No,13,3,1,80,2,10,1,3,8,7,7,7,0.139386799,0.860613201
21,Travel_Rarely,996,Research & Development,,2,Medical,1,379,4,Male,100,2,1,Research Scientist,3,Single,3230,10531,1,Y,No,17,3,1,80,0,3,4,4,3,2,1,0,0.147788351,0.852211649
31,Travel_Frequently,534,Research & Development,20,3,Life Sciences,1,587,1,Male,66,3,3,Healthcare Representative,3,Married,9824,22908,3,Y,No,12,3,1,80,0,12,2,3,1,0,0,0,0.168552556,0.831447444
42,Travel_Rarely,544,Human Resources,2,1,Technical Degree,1,470,3,Male,52,3,1,Human Resources,3,Divorced,2696,24017,0,Y,Yes,11,3,3,80,1,4,5,3,3,2,1,0,0.280272976,0.719727024
50,Travel_Rarely,939,Research & Development,24,3,Life Sciences,1,1005,4,Male,95,3,4,Manufacturing Director,3,Married,13973,4161,3,Y,Yes,18,3,4,80,1,22,2,3,12,11,1,5,0.00420294,0.99579706
,Travel_Frequently,791,Research & Development,1,4,Medical,1,1286,4,Male,44,3,1,Laboratory Technician,3,Single,2154,6842,0,Y,Yes,11,3,3,80,0,5,2,2,4,2,0,2,0.764081225,0.235918775
42,Travel_Rarely,319,Research & Development,24,3,Medical,1,605,4,Male,56,3,3,Manufacturing Director,1,Married,7406,6950,1,Y,Yes,21,4,4,80,1,10,5,2,10,9,5,8,0.362896472,0.637103528
36,Non-Travel,,Research & Development,1,4,Medical,1,1662,4,Female,33,2,2,Manufacturing Director,3,Married,4374,15411,0,Y,No,15,3,3,80,0,4,6,3,3,2,1,2,0.002700169,0.997299831
27,Travel_Frequently,994,Sales,8,3,Life Sciences,1,56,4,Male,37,3,3,Sales Executive,3,Single,8726,2975,1,Y,No,15,3,4,80,0,9,0,3,9,8,1,7,0.065699348,0.934300652
49,Travel_Rarely,465,Research & Development,6,1,Life Sciences,1,1661,3,Female,41,2,4,Healthcare Representative,3,Married,13966,11652,2,Y,Yes,19,3,2,80,1,30,3,3,15,11,2,12,0.000337625,0.999662375
32,Non-Travel,953,Research & Development,,4,Technical Degree,1,1764,2,Male,65,3,1,Research Scientist,2,Single,2718,17674,2,Y,No,14,3,2,80,0,12,3,3,7,7,0,7,0.079732323,0.920267677
54,Travel_Frequently,928,Research & Development,20,4,Life Sciences,1,450,4,Female,31,3,2,Research Scientist,3,Single,4869,16885,3,Y,No,12,3,4,80,0,20,4,2,4,3,0,3,0.0073571,0.9926429
21,Travel_Frequently,251,Research & Development,10,2,Life Sciences,1,1279,1,Female,45,2,1,Laboratory Technician,3,Single,2625,25308,1,Y,No,20,4,3,80,0,2,2,1,2,2,2,2,0.579014641,0.420985359
32,Travel_Rarely,827,Research & Development,1,1,Life Sciences,1,134,4,Male,71,3,1,Research Scientist,1,Single,2956,15178,1,Y,No,13,3,4,80,0,1,2,3,1,0,0,0,0.082082027,0.917917973
,Travel_Rarely,240,Sales,,3,Marketing,1,142,3,Male,46,2,2,Sales Executive,3,Single,5744,26959,1,Y,Yes,11,3,4,80,0,6,1,3,6,4,0,3,0.573160679,0.426839321
32,Travel_Rarely,,Sales,7,3,Life Sciences,1,420,4,Male,91,2,2,Sales Executive,3,Married,5484,16985,1,Y,No,14,3,3,80,1,13,3,2,13,8,4,8,0.017287409,0.982712591
46,Travel_Rarely,377,Sales,9,3,Marketing,1,1457,1,Male,52,3,3,Sales Executive,4,Divorced,10096,15986,4,Y,No,11,3,1,80,1,28,1,4,7,7,4,3,0.014906209,0.985093791
56,Travel_Rarely,713,Research & Development,8,3,Life Sciences,1,241,3,Female,67,3,1,Research Scientist,1,Divorced,4257,13939,4,Y,Yes,18,3,3,80,1,19,3,3,2,2,2,2,0.021855308,0.978144692
32,Travel_Rarely,515,Research & Development,1,3,Life Sciences,1,331,4,Male,62,2,1,Laboratory Technician,3,Single,3730,9571,0,Y,Yes,14,3,4,80,0,4,2,1,3,2,1,2,0.631067711,0.368932289
39,Travel_Rarely,1498,Sales,21,4,Life Sciences,1,1390,1,Male,44,2,2,Sales Executive,4,Married,6120,3567,3,Y,Yes,12,3,4,80,2,8,2,4,5,4,1,4,0.218436741,0.781563259
,Travel_Rarely,688,Research & Development,,3,Medical,1,538,1,Male,91,3,1,Laboratory Technician,1,Married,4031,9396,5,Y,No,13,3,3,80,1,6,5,3,2,2,0,2,0.232627342,0.767372658
31,Travel_Rarely,1003,Sales,,3,Technical Degree,1,1749,1,Male,51,3,2,Sales Executive,3,Married,8346,20943,1,Y,No,19,3,3,80,1,6,3,3,5,2,0,2,0.093671892,0.906328108
22,Travel_Rarely,594,Research & Development,2,1,Technical Degree,1,169,3,Male,100,3,1,Laboratory Technician,4,Married,2523,19299,0,Y,No,14,3,3,80,1,3,2,3,2,1,2,1,0.102368268,0.897631732
46,Travel_Rarely,430,Research & Development,1,4,Medical,1,1069,4,Male,40,3,5,Research Director,4,Divorced,19627,21445,9,Y,No,17,3,4,80,2,23,0,3,2,2,2,2,0.001563482,0.998436518
32,Travel_Rarely,1062,Research & Development,2,3,Medical,1,471,3,Female,75,3,1,Laboratory Technician,2,Married,2370,3956,1,Y,No,13,3,3,80,1,8,4,3,8,0,0,7,0.059093341,0.940906659
38,Travel_Rarely,903,Research & Development,2,3,Medical,1,1573,3,Male,81,3,2,Manufacturing Director,2,Married,4855,7653,4,Y,No,11,3,1,80,2,7,2,3,5,2,1,4,0.029929561,0.970070439
34,Travel_Rarely,258,Sales,21,4,Life Sciences,1,621,4,Male,74,4,2,Sales Executive,4,Single,5337,19921,1,Y,No,12,3,4,80,0,10,3,3,10,7,5,7,0.018758144,0.981241856
45,Non-Travel,589,Sales,2,4,Life Sciences,1,1845,3,Female,67,3,2,Sales Executive,3,Married,5154,19665,4,Y,No,22,4,2,80,2,10,3,4,8,7,5,7,0.003797142,0.996202858
49,Travel_Rarely,464,Research & Development,16,3,Medical,1,1674,4,Female,74,3,1,Laboratory Technician,1,Divorced,2587,24941,4,Y,Yes,16,3,2,80,1,17,2,2,2,2,2,2,0.189083539,0.810916461
34,Travel_Rarely,1157,Research & Development,,2,Medical,1,1696,2,Male,57,2,2,Laboratory Technician,4,Married,3986,11912,1,Y,No,14,3,3,80,1,15,3,4,15,10,4,13,0.006748038,0.993251962
30,Travel_Rarely,946,Research & Development,2,3,Medical,1,833,3,Female,52,2,2,Manufacturing Director,4,Single,6877,20234,5,Y,Yes,24,4,2,80,0,12,4,2,0,0,0,0,0.139974523,0.860025477
30,,125,Research & Development,9,2,Medical,1,41,4,Male,83,2,1,Laboratory Technician,3,Single,2206,16117,1,Y,No,13,3,1,80,0,10,5,3,10,0,1,8,0.392770755,0.607229245
39,Travel_Rarely,835,Research & Development,19,4,Other,1,1871,4,Male,41,3,2,Research Scientist,4,Divorced,3902,5141,8,Y,No,14,3,2,80,3,7,2,3,2,2,2,2,0.013936452,0.986063548
50,Travel_Rarely,1099,Research & Development,29,4,Life Sciences,1,569,2,Male,88,2,4,Manager,3,Married,17046,9314,0,Y,No,15,3,2,80,1,28,2,3,27,10,15,7,0.113074089,0.886925911
,Travel_Rarely,1296,Research & Development,,4,Technical Degree,1,464,3,Male,62,3,3,Manufacturing Director,2,Single,8095,18264,0,Y,No,13,3,4,80,0,17,5,3,16,6,0,13,0.105337756,0.894662244
37,Travel_Rarely,1319,Research & Development,6,3,Medical,1,474,3,Male,51,4,2,Research Scientist,1,Divorced,5974,17001,4,Y,Yes,13,3,1,80,2,13,2,3,7,7,6,7,0.034173883,0.965826117
40,Travel_Rarely,1137,Research & Development,1,4,Life Sciences,1,1892,1,Male,98,3,4,Manager,1,Divorced,16823,18991,2,Y,No,11,3,1,80,1,22,3,3,19,7,11,16,0.021396806,0.978603194
,Travel_Rarely,1490,Research & Development,11,4,Medical,1,2003,4,Male,43,3,1,Laboratory Technician,3,Married,2660,20232,7,Y,Yes,11,3,3,80,1,5,3,3,2,2,2,2,0.732449368,0.267550632
24,Travel_Rarely,477,Research & Development,24,3,Medical,1,1173,4,Male,49,3,1,Laboratory Technician,2,Single,3597,6409,8,Y,No,22,4,4,80,0,6,2,3,4,3,1,2,0.466138718,0.533861282
32,Travel_Rarely,1018,Research & Development,2,4,Medical,1,439,1,Female,74,4,2,Research Scientist,4,Single,5055,10557,7,Y,No,16,3,3,80,0,10,0,2,7,7,0,7,0.008188663,0.991811337
34,Travel_Rarely,1440,Sales,7,2,Technical Degree,1,1541,2,Male,55,3,1,Sales Representative,3,Married,2308,4944,0,Y,Yes,25,4,2,80,1,12,4,3,11,10,5,7,0.414641925,0.585358075
34,Travel_Rarely,1351,Research & Development,1,4,Life Sciences,1,1580,2,Male,45,3,2,Research Scientist,4,Married,5484,13008,9,Y,No,17,3,2,80,1,9,3,2,2,2,2,1,0.020763419,0.979236581
57,Travel_Rarely,334,Research & Development,24,2,Life Sciences,1,223,3,Male,83,4,3,Healthcare Representative,4,Divorced,9439,23402,3,Y,Yes,16,3,2,80,1,12,2,1,5,3,1,4,0.120106071,0.879893929
41,Travel_Rarely,796,Sales,4,1,Marketing,1,1815,3,Female,81,3,3,Sales Executive,3,Divorced,10447,26458,0,Y,Yes,13,3,4,80,1,23,3,4,22,14,13,5,0.045043835,0.954956165
24,Travel_Frequently,567,Research & Development,2,1,Technical Degree,1,1646,1,Female,32,3,1,Research Scientist,4,Single,3760,17218,1,Y,Yes,13,3,3,80,0,6,2,3,6,3,1,3,0.601286325,0.398713675
56,Travel_Rarely,1369,Research & Development,23,3,Life Sciences,1,1373,4,Male,68,3,4,Manufacturing Director,2,Married,13402,18235,4,Y,Yes,12,3,1,80,1,33,0,3,19,16,15,9,0.024755229,0.975244771
,Travel_Rarely,304,Sales,9,4,Life Sciences,1,498,2,Male,92,3,2,Sales Executive,4,Single,5253,20750,1,Y,No,16,3,4,80,0,7,1,3,7,5,0,7,0.028541096,0.971458904
42,Travel_Rarely,532,Research & Development,4,2,Technical Degree,1,319,3,Male,58,3,5,Manager,4,Married,19232,4933,1,Y,No,11,3,4,80,0,22,3,3,22,17,11,15,0.002383417,0.997616583
39,Travel_Rarely,1089,Research & Development,6,3,Life Sciences,1,1525,2,Female,32,3,3,Manufacturing Director,2,Single,8376,9150,4,Y,No,18,3,4,80,0,9,3,3,2,0,2,2,0.134763839,0.865236161
,Travel_Rarely,1232,Sales,16,3,Marketing,1,406,3,Male,96,3,3,Sales Executive,2,Married,8020,5100,0,Y,No,15,3,3,80,2,12,3,2,11,9,6,9,0.126366712,0.873633288
27,Non-Travel,443,Research & Development,,3,Medical,1,850,4,Male,50,3,1,Research Scientist,4,Married,1706,16571,1,Y,No,11,3,3,80,3,0,6,2,0,0,0,0,0.018060662,0.981939338
40,Travel_Rarely,448,Research & Development,16,3,Life Sciences,1,1641,3,Female,84,3,3,Manufacturing Director,4,Single,7945,19948,6,Y,Yes,15,3,4,80,0,18,2,2,4,2,3,3,0.32216048,0.67783952
50,Travel_Rarely,1046,Research & Development,10,3,Technical Degree,1,491,4,Male,100,2,3,Healthcare Representative,4,Single,10496,2755,6,Y,No,15,3,4,80,0,20,2,3,4,3,1,3,0.096630523,0.903369477
46,Travel_Rarely,261,Research & Development,21,2,Medical,1,1821,4,Female,66,3,2,Healthcare Representative,2,Married,8926,10842,4,Y,No,22,4,4,80,1,13,2,4,9,7,3,7,0.00156202,0.99843798
,Travel_Rarely,857,Research & Development,10,3,Other,1,1097,3,Female,59,3,2,Research Scientist,3,Single,3660,7909,3,Y,No,13,3,4,80,0,10,4,4,8,7,1,7,0.003485286,0.996514714
40,Travel_Rarely,1194,Research & Development,1,3,Life Sciences,1,1822,3,Female,52,3,2,Healthcare Representative,4,Divorced,6513,9060,4,Y,No,17,3,4,80,1,12,3,3,5,3,0,3,0.000576469,0.999423531
59,Travel_Rarely,1435,Sales,25,3,Life Sciences,1,81,1,Female,99,3,3,Sales Executive,1,Single,7637,2354,7,Y,No,11,3,4,80,0,28,3,2,21,16,7,9,0.3238625,0.6761375
29,Travel_Rarely,332,Human Resources,17,3,Other,1,1419,2,Male,51,2,3,Human Resources,1,Single,7988,9769,1,Y,No,13,3,1,80,0,10,3,2,10,9,0,9,0.224158024,0.775841976
42,Travel_Rarely,557,Research & Development,18,4,Life Sciences,1,1998,4,Male,35,3,2,Research Scientist,1,Divorced,5410,11189,6,Y,Yes,17,3,3,80,1,9,3,2,4,3,1,2,0.128726354,0.871273646
,Travel_Rarely,1083,Research & Development,29,1,Life Sciences,1,1514,3,Male,96,1,2,Manufacturing Director,2,Married,6549,3173,1,Y,No,14,3,2,80,2,8,2,2,8,6,1,7,0.056830976,0.943169024
44,Non-Travel,111,Research & Development,17,3,Life Sciences,1,1206,4,Male,74,1,1,Research Scientist,3,Single,2290,4279,2,Y,No,13,3,4,80,0,6,3,3,0,0,0,0,0.11358604,0.88641396
48,Travel_Rarely,969,Research & Development,2,2,Technical Degree,1,1258,4,Male,76,4,1,Laboratory Technician,2,Single,2559,16620,5,Y,No,11,3,3,80,0,7,4,2,1,0,0,0,0.577456719,0.422543281
42,Travel_Frequently,570,Research & Development,8,3,Life Sciences,1,809,2,Male,66,3,5,Manager,4,Divorced,18430,16225,1,Y,No,13,3,2,80,1,24,4,2,24,7,14,9,0.067245403,0.932754597
,Travel_Rarely,817,Research & Development,1,3,Medical,1,1369,4,Female,60,2,2,Laboratory Technician,4,Married,5363,10846,0,Y,No,12,3,2,80,1,10,0,3,9,7,0,0,0.0022829,0.9977171
38,Travel_Rarely,1261,Research & Development,2,4,Life Sciences,1,271,4,Male,88,3,2,Manufacturing Director,3,Married,6553,7259,9,Y,No,14,3,2,80,0,14,3,3,1,0,0,0,0.016115595,0.983884405
44,Non-Travel,381,Research & Development,24,3,Medical,1,744,1,Male,49,1,1,Laboratory Technician,3,Single,3708,2104,2,Y,No,14,3,3,80,0,9,5,3,5,2,1,4,0.472803509,0.527196491
,Travel_Frequently,1182,Sales,11,2,Marketing,1,1137,4,Male,54,3,2,Sales Executive,4,Divorced,4968,18500,1,Y,No,11,3,4,80,1,5,3,3,5,2,0,2,0.026369294,0.973630706
34,Travel_Rarely,131,Sales,2,3,Marketing,1,1281,3,Female,86,3,2,Sales Executive,1,Single,4538,6039,0,Y,Yes,12,3,4,80,0,4,3,3,3,2,0,2,0.446295292,0.553704708
41,Travel_Rarely,314,Human Resources,1,3,Human Resources,1,734,4,Male,59,2,5,Manager,3,Married,19189,19562,1,Y,No,12,3,2,80,1,22,3,3,22,7,2,10,0.007749575,0.992250425
53,Travel_Rarely,970,Research & Development,7,3,Life Sciences,1,730,3,Male,59,4,4,Research Director,3,Married,14814,13514,3,Y,No,19,3,3,80,0,32,3,3,5,1,1,3,0.000339746,0.999660254
33,Travel_Rarely,924,Research & Development,2,3,Medical,1,39,3,Male,78,3,1,Laboratory Technician,4,Single,2496,6670,4,Y,No,11,3,4,80,0,7,3,3,1,1,0,0,0.155418726,0.844581274
,Travel_Frequently,853,Sales,18,5,Life Sciences,1,74,2,Male,71,3,3,Sales Executive,1,Married,9069,11031,1,Y,No,22,4,4,80,1,9,3,2,9,8,1,8,0.085005131,0.914994869
,Non-Travel,786,Research & Development,7,3,Medical,1,1693,4,Male,76,3,1,Laboratory Technician,4,Single,2570,11925,1,Y,No,20,4,3,80,0,7,5,3,7,7,5,7,0.037110213,0.962889787
42,Travel_Frequently,748,Research & Development,9,2,Medical,1,1480,1,Female,74,3,1,Laboratory Technician,4,Single,3673,16458,1,Y,No,13,3,3,80,0,12,3,3,12,9,5,8,0.127463539,0.872536461
60,Travel_Rarely,422,Research & Development,7,3,Life Sciences,1,549,1,Female,41,3,5,Manager,1,Married,19566,3854,5,Y,No,11,3,4,80,0,33,5,1,29,8,11,10,0.064441424,0.935558576
42,Travel_Frequently,288,Research & Development,2,3,Life Sciences,1,1547,4,Male,40,3,3,Healthcare Representative,4,Married,10124,18611,2,Y,Yes,14,3,3,80,1,24,3,1,20,8,13,9,0.166252337,0.833747663
34,Travel_Frequently,296,Sales,6,2,Marketing,1,555,4,Female,33,1,1,Sales Representative,3,Divorced,2351,12253,0,Y,No,16,3,4,80,1,3,3,2,2,2,1,0,0.12966543,0.87033457
,Travel_Rarely,882,Research & Development,19,1,Medical,1,1358,4,Male,67,3,1,Laboratory Technician,4,Married,3669,9075,3,Y,No,11,3,3,80,3,7,6,2,3,2,1,2,0.052526637,0.947473363
38,Travel_Rarely,130,Sales,2,2,Marketing,1,1125,4,Male,32,3,3,Sales Executive,2,Single,7351,20619,7,Y,No,16,3,3,80,0,10,2,3,1,0,0,0,0.618041074,0.381958926
31,Non-Travel,325,Research & Development,,3,Medical,1,2057,2,Male,74,3,2,Manufacturing Director,1,Single,9936,3787,0,Y,No,19,3,2,80,0,10,2,3,9,4,1,7,0.023280145,0.976719855
30,Non-Travel,1116,Research & Development,2,3,Medical,1,571,3,Female,49,3,1,Laboratory Technician,4,Single,2564,7181,0,Y,No,14,3,3,80,0,12,2,2,11,7,6,7,0.035718473,0.964281527
36,Non-Travel,845,Sales,1,5,Medical,1,479,4,Female,45,3,2,Sales Executive,4,Single,6653,15276,4,Y,No,15,3,2,80,0,7,6,3,1,0,0,0,0.011868205,0.988131795
40,Travel_Rarely,1202,Research & Development,2,1,Medical,1,1375,2,Female,89,4,2,Healthcare Representative,3,Divorced,6377,13888,5,Y,No,20,4,2,80,3,15,0,3,12,11,11,8,0.001293707,0.998706293
31,Travel_Rarely,106,Human Resources,2,3,Human Resources,1,424,1,Male,62,2,2,Human Resources,1,Married,6410,17822,3,Y,No,12,3,4,80,0,9,1,3,2,2,1,0,0.05753913,0.94246087
49,Travel_Rarely,1490,Research & Development,7,4,Life Sciences,1,1484,3,Male,35,3,3,Healthcare Representative,2,Divorced,10466,20948,3,Y,No,14,3,2,80,2,29,3,3,8,7,0,7,0.000694424,0.999305576
44,Non-Travel,489,Research & Development,23,3,Medical,1,132,2,Male,67,3,2,Laboratory Technician,2,Married,2042,25043,4,Y,No,12,3,3,80,1,17,3,4,3,2,1,2,0.017099175,0.982900825
24,Travel_Frequently,1287,Research & Development,7,3,Life Sciences,1,647,1,Female,55,3,1,Laboratory Technician,3,Married,2886,14168,1,Y,Yes,16,3,4,80,1,6,4,3,6,3,1,2,0.446843697,0.553156303
37,Non-Travel,728,Research & Development,1,4,Medical,1,380,1,Female,80,3,3,Research Director,4,Divorced,13603,11677,2,Y,Yes,18,3,1,80,2,15,2,3,5,2,0,2,0.014717059,0.985282941
29,Travel_Frequently,115,Sales,13,3,Technical Degree,1,1487,1,Female,51,3,2,Sales Executive,2,Single,5765,17485,5,Y,No,11,3,1,80,0,7,4,1,5,3,0,0,0.795058906,0.204941094
38,Travel_Frequently,508,Research & Development,6,4,Life Sciences,1,1997,1,Male,72,2,2,Manufacturing Director,3,Married,5321,14284,2,Y,No,11,3,4,80,1,10,1,3,8,3,7,7,0.098319642,0.901680358
27,Travel_Rarely,1103,Research & Development,14,3,Life Sciences,1,1244,1,Male,42,3,1,Research Scientist,1,Married,2235,14377,1,Y,Yes,14,3,4,80,2,9,3,2,9,7,6,8,0.516136773,0.483863227
30,Travel_Rarely,855,Sales,7,4,Marketing,1,1428,4,Female,73,3,2,Sales Executive,1,Divorced,4779,12761,7,Y,No,14,3,2,80,2,8,3,3,3,2,0,2,0.055750893,0.944249107
32,Travel_Rarely,824,Research & Development,,2,Life Sciences,1,1555,4,Female,67,2,2,Research Scientist,2,Married,5878,15624,3,Y,No,12,3,1,80,1,12,2,3,7,1,2,5,0.016719813,0.983280187
,Non-Travel,1212,Sales,8,2,Marketing,1,1243,3,Female,78,2,3,Sales Executive,4,Married,10377,13755,4,Y,Yes,11,3,2,80,1,16,6,2,13,2,4,12,0.535238062,0.464761938
33,Travel_Rarely,461,Research & Development,13,1,Life Sciences,1,995,2,Female,53,3,1,Research Scientist,4,Single,3452,17241,3,Y,No,18,3,1,80,0,5,4,3,3,2,0,2,0.036953727,0.963046273
40,,720,Research & Development,16,4,Medical,1,832,1,Male,51,2,2,Laboratory Technician,3,Single,5094,11983,6,Y,No,14,3,4,80,0,10,6,3,1,0,0,0,0.174093047,0.825906953
31,Travel_Rarely,1365,Sales,13,4,Medical,1,650,2,Male,46,3,2,Sales Executive,1,Divorced,4233,11512,2,Y,No,17,3,3,80,0,9,2,1,3,1,1,2,0.158979812,0.841020188
45,Travel_Frequently,364,Research & Development,25,3,Medical,1,1306,2,Female,83,3,5,Manager,2,Single,18061,13035,3,Y,No,22,4,3,80,0,22,4,3,0,0,0,0,0.019303963,0.980696037
34,,937,Sales,1,3,Marketing,1,1950,1,Male,32,3,3,Sales Executive,4,Single,9888,6770,1,Y,No,21,4,1,80,0,14,3,2,14,8,2,1,0.202762334,0.797237666
42,Travel_Rarely,188,Research & Development,29,3,Medical,1,1148,2,Male,56,1,2,Laboratory Technician,4,Single,4272,9558,4,Y,No,19,3,1,80,0,16,3,3,1,0,0,0,0.219101838,0.780898162
39,Travel_Rarely,170,Research & Development,,2,Medical,1,1627,3,Male,76,2,2,Laboratory Technician,3,Divorced,3069,10302,0,Y,No,15,3,4,80,1,11,3,3,10,8,0,7,0.003105629,0.996894371
56,Non-Travel,667,Research & Development,1,4,Life Sciences,1,2026,3,Male,57,3,2,Healthcare Representative,3,Divorced,6306,26236,1,Y,No,21,4,1,80,1,13,2,2,13,12,1,9,0.000227004,0.999772996
,Travel_Rarely,1219,Research & Development,4,1,Technical Degree,1,1106,4,Male,32,3,1,Laboratory Technician,4,Married,3691,4605,1,Y,Yes,15,3,2,80,1,7,3,4,7,7,5,6,0.207138488,0.792861512
59,Travel_Rarely,715,Research & Development,2,3,Life Sciences,1,1032,3,Female,69,2,4,Manufacturing Director,4,Single,13726,21829,3,Y,Yes,13,3,1,80,0,30,4,3,5,3,4,3,0.019588134,0.980411866
44,Travel_Rarely,1315,Research & Development,,4,Other,1,671,4,Male,35,3,5,Manager,4,Married,19513,9358,4,Y,Yes,12,3,1,80,1,26,2,4,2,2,0,1,0.004251361,0.995748639
33,Travel_Rarely,465,Research & Development,2,2,Life Sciences,1,328,1,Female,39,3,1,Laboratory Technician,1,Married,2707,21509,7,Y,No,20,4,1,80,0,13,3,4,9,7,1,7,0.095346036,0.904653964
34,Travel_Frequently,648,Human Resources,11,3,Life Sciences,1,1289,3,Male,56,2,2,Human Resources,2,Married,4490,21833,4,Y,No,11,3,4,80,2,14,5,4,10,9,1,8,0.006018991,0.993981009
,Travel_Rarely,1146,Sales,8,3,Technical Degree,1,796,4,Male,38,2,2,Sales Executive,1,Single,5326,3064,6,Y,No,17,3,3,80,0,6,2,2,4,3,1,2,0.689545197,0.310454803
44,Travel_Rarely,1199,Research & Development,4,2,Life Sciences,1,1288,3,Male,92,4,5,Manager,1,Divorced,19190,17477,1,Y,No,14,3,4,80,2,26,4,2,25,9,14,13,0.011598035,0.988401965
37,Travel_Rarely,482,Research & Development,,3,Other,1,689,3,Male,36,3,3,Manufacturing Director,3,Married,9434,9606,1,Y,No,15,3,3,80,1,10,2,3,10,7,7,8,0.032784646,0.967215354
54,Travel_Rarely,157,Research & Development,10,3,Medical,1,1980,3,Female,77,3,2,Manufacturing Director,1,Single,4440,25198,6,Y,Yes,19,3,4,80,0,9,3,3,5,2,1,4,0.450825125,0.549174875
34,Travel_Rarely,1303,Research & Development,2,4,Life Sciences,1,579,4,Male,62,2,1,Research Scientist,3,Divorced,2768,8416,3,Y,No,12,3,3,80,1,14,3,3,7,3,5,7,0.024115047,0.975884953
36,Travel_Frequently,,Research & Development,6,4,Life Sciences,1,1594,1,Male,80,4,2,Laboratory Technician,1,Married,5562,19711,3,Y,Yes,13,3,4,80,1,9,3,3,3,2,0,2,0.222205225,0.777794775
40,Non-Travel,1151,Research & Development,9,5,Life Sciences,1,287,4,Male,63,2,2,Healthcare Representative,4,Married,4876,14242,9,Y,No,14,3,4,80,1,5,5,1,3,2,0,2,0.012624549,0.987375451
49,Travel_Frequently,1023,Sales,2,3,Medical,1,2065,4,Male,63,2,2,Sales Executive,2,Married,5390,13243,2,Y,No,14,3,4,80,0,17,3,2,9,6,0,8,0.009426674,0.990573326
39,Non-Travel,439,Research & Development,9,3,Life Sciences,1,1132,3,Male,70,3,2,Laboratory Technician,2,Single,6782,8770,9,Y,No,15,3,3,80,0,9,2,2,5,4,0,3,0.110411583,0.889588417
41,Travel_Rarely,427,Human Resources,10,4,Human Resources,1,731,2,Male,73,2,5,Manager,4,Divorced,19141,8861,3,Y,No,15,3,2,80,3,23,2,2,21,6,12,6,0.124529502,0.875470498
52,Non-Travel,771,Sales,2,4,Life Sciences,1,329,1,Male,79,2,5,Manager,3,Single,19068,21030,1,Y,Yes,18,3,4,80,0,33,2,4,33,7,15,12,0.747686562,0.252313438
31,Travel_Rarely,655,Research & Development,7,4,Life Sciences,1,76,4,Male,48,3,2,Laboratory Technician,4,Divorced,5915,9528,3,Y,No,22,4,4,80,1,10,3,2,7,7,1,7,0.001436,0.998564
40,Travel_Rarely,369,Research & Development,8,2,Life Sciences,1,1724,2,Female,92,3,2,Manufacturing Director,1,Married,6516,5041,2,Y,Yes,16,3,2,80,1,18,3,3,1,0,0,0,0.030671555,0.969328445
30,Travel_Rarely,1275,Research & Development,28,2,Medical,1,441,4,Female,64,3,2,Research Scientist,4,Married,5775,11934,1,Y,No,13,3,4,80,2,11,2,3,10,8,1,9,0.001186917,0.998813083
29,Travel_Rarely,1283,Research & Development,23,3,Life Sciences,1,495,4,Male,54,3,1,Research Scientist,4,Single,2201,18168,9,Y,No,16,3,4,80,0,6,4,3,3,2,1,2,0.180785766,0.819214234
58,Travel_Rarely,289,Research & Development,2,3,Technical Degree,1,977,4,Male,51,3,1,Research Scientist,3,Single,2479,26227,4,Y,No,24,4,1,80,0,7,4,3,1,0,0,0,0.357679811,0.642320189
40,Travel_Frequently,1469,Research & Development,9,4,Medical,1,964,4,Male,35,3,1,Research Scientist,2,Divorced,3617,25063,8,Y,Yes,14,3,4,80,1,3,2,3,1,1,0,0,0.615728312,0.384271688
43,Travel_Rarely,1291,Research & Development,15,2,Life Sciences,1,1666,3,Male,65,2,4,Research Director,3,Married,17603,3525,1,Y,No,24,4,1,80,1,14,3,3,14,10,6,11,0.004100386,0.995899614
37,Travel_Rarely,342,Sales,16,4,Marketing,1,868,4,Male,66,2,2,Sales Executive,3,Divorced,6334,24558,4,Y,No,19,3,4,80,2,9,2,3,1,0,0,0,0.035931152,0.964068848
30,Travel_Rarely,1465,Research & Development,1,3,Medical,1,1241,4,Male,63,3,1,Research Scientist,2,Married,3579,9369,0,Y,Yes,21,4,1,80,1,12,2,3,11,9,5,7,0.073562817,0.926437183
30,Non-Travel,990,Research & Development,7,3,Technical Degree,1,1482,3,Male,64,3,1,Research Scientist,3,Divorced,1274,7152,1,Y,No,13,3,2,80,2,1,2,2,1,0,0,0,0.095528209,0.904471791
34,Travel_Frequently,,Research & Development,10,4,Technical Degree,1,1597,4,Male,92,2,2,Healthcare Representative,3,Married,5063,15332,1,Y,No,14,3,2,80,1,8,3,2,8,2,7,7,0.271209201,0.728790799
33,Travel_Frequently,1111,Sales,,1,Life Sciences,1,1395,2,Male,61,3,2,Sales Executive,4,Married,9998,19293,6,Y,No,13,3,1,80,0,8,2,4,5,4,1,2,0.032515448,0.967484552
49,Travel_Rarely,527,Research & Development,8,2,Other,1,944,1,Female,51,3,3,Laboratory Technician,2,Married,7403,22477,4,Y,No,11,3,3,80,1,29,3,2,26,9,1,7,0.085660058,0.914339942
50,Travel_Rarely,854,Sales,1,4,Medical,1,323,4,Female,68,3,5,Manager,4,Divorced,19517,24118,3,Y,No,11,3,3,80,1,32,3,2,7,0,0,6,0.000458351,0.999541649
30,Non-Travel,1398,Sales,22,4,Other,1,567,3,Female,69,3,3,Sales Executive,1,Married,8412,2890,0,Y,No,11,3,3,80,0,10,3,3,9,8,7,8,0.089344696,0.910655304
,Travel_Frequently,138,Research & Development,2,3,Medical,1,269,2,Female,37,3,2,Laboratory Technician,2,Single,4425,15986,5,Y,No,11,3,4,80,0,10,5,3,6,2,1,2,0.142050445,0.857949555
47,Non-Travel,543,Sales,2,4,Marketing,1,1731,3,Male,87,3,2,Sales Executive,2,Married,4978,3536,7,Y,No,11,3,4,80,1,4,3,1,1,0,0,0,0.110782371,0.889217629
,Travel_Rarely,1214,Research & Development,1,3,Medical,1,105,2,Male,30,2,1,Research Scientist,3,Single,2859,26278,1,Y,No,18,3,1,80,0,6,3,3,6,4,0,4,0.151111733,0.848888267
49,Travel_Frequently,1064,Research & Development,2,1,Life Sciences,1,1941,2,Male,42,3,5,Research Director,4,Married,19161,13738,3,Y,No,15,3,4,80,0,28,3,3,5,4,4,3,0.00060799,0.99939201
43,Travel_Rarely,990,Research & Development,27,3,Technical Degree,1,1599,4,Male,87,4,1,Laboratory Technician,2,Divorced,4876,5855,5,Y,No,12,3,3,80,1,8,0,3,6,4,0,2,0.122764879,0.877235121
34,Travel_Frequently,658,Research & Development,7,3,Life Sciences,1,147,1,Male,66,1,2,Laboratory Technician,3,Single,6074,22887,1,Y,Yes,24,4,4,80,0,9,3,3,9,7,0,6,0.382563348,0.617436652
30,Travel_Rarely,979,Sales,15,2,Marketing,1,1754,3,Male,94,2,3,Sales Executive,1,Divorced,7140,3088,2,Y,No,11,3,1,80,1,12,2,3,7,7,1,7,0.148716573,0.851283427
31,Travel_Rarely,1112,Sales,,4,Life Sciences,1,1673,1,Female,67,3,2,Sales Executive,4,Married,5476,22589,1,Y,No,11,3,1,80,2,10,2,3,10,0,0,2,0.058640077,0.941359923
46,Travel_Rarely,991,Human Resources,1,2,Life Sciences,1,1314,4,Female,44,3,1,Human Resources,1,Single,3423,22957,6,Y,No,12,3,3,80,0,10,3,4,7,6,5,7,0.148193308,0.851806692
43,Travel_Rarely,177,Research & Development,8,3,Life Sciences,1,920,1,Female,55,3,2,Manufacturing Director,2,Divorced,4765,23814,4,Y,No,21,4,3,80,1,4,2,4,1,0,0,0,0.010731065,0.989268935
39,Non-Travel,792,Research & Development,1,3,Life Sciences,1,1737,4,Male,77,3,2,Laboratory Technician,4,Married,6472,8989,1,Y,Yes,15,3,4,80,1,9,2,3,9,8,5,8,0.007913926,0.992086074
41,Travel_Rarely,918,Sales,6,3,Marketing,1,1708,4,Male,35,3,3,Sales Executive,3,Single,9241,15869,1,Y,No,12,3,2,80,0,10,3,3,10,8,8,7,0.265860999,0.734139001
52,Non-Travel,715,Research & Development,19,4,Medical,1,791,4,Male,41,3,1,Research Scientist,4,Married,4258,26589,0,Y,No,18,3,1,80,1,5,3,3,4,3,1,2,0.012682999,0.987317001
30,Non-Travel,641,Sales,25,2,Technical Degree,1,475,4,Female,85,3,2,Sales Executive,3,Married,4736,6069,7,Y,Yes,12,3,2,80,1,4,2,4,2,2,2,2,0.653371667,0.346628333
48,Travel_Rarely,1108,Research & Development,15,4,Other,1,1576,3,Female,65,3,1,Research Scientist,1,Married,2367,16530,8,Y,No,12,3,4,80,1,10,3,2,8,2,7,6,0.457526604,0.542473396
29,Travel_Rarely,441,Research & Development,8,1,Other,1,1544,3,Female,39,1,2,Healthcare Representative,1,Married,9715,7288,3,Y,No,13,3,3,80,1,9,3,3,7,7,0,7,0.003250937,0.996749063
49,Travel_Rarely,1091,Research & Development,1,2,Technical Degree,1,431,3,Female,90,2,4,Healthcare Representative,3,Single,13964,17810,7,Y,Yes,12,3,4,80,0,25,2,3,7,1,0,7,0.173986124,0.826013876
,Travel_Rarely,287,Research & Development,1,4,Life Sciences,1,2052,3,Female,62,1,1,Research Scientist,4,Married,2977,8952,1,Y,No,12,3,4,80,1,4,5,3,4,3,1,1,0.012233482,0.987766518
,Travel_Frequently,467,Sales,7,3,Life Sciences,1,1507,3,Male,55,3,2,Sales Executive,1,Single,4898,11827,0,Y,No,14,3,4,80,0,5,5,3,4,2,1,3,0.140458378,0.859541622
32,Non-Travel,1184,Research & Development,1,3,Life Sciences,1,951,3,Female,70,2,1,Laboratory Technician,2,Married,2332,3974,6,Y,No,20,4,3,80,0,5,3,3,3,0,0,2,0.118700419,0.881299581
31,Travel_Rarely,480,Research & Development,7,2,Medical,1,524,2,Female,31,3,2,Manufacturing Director,1,Married,4306,4156,1,Y,No,12,3,2,80,1,13,5,1,13,10,3,12,0.007316104,0.992683896
34,Travel_Rarely,304,Sales,2,3,Other,1,786,4,Male,60,3,2,Sales Executive,4,Single,6274,18686,1,Y,No,22,4,3,80,0,6,5,3,6,5,1,4,0.018012897,0.981987103
34,Travel_Rarely,167,Research & Development,8,5,Life Sciences,1,775,2,Female,32,3,2,Manufacturing Director,1,Divorced,5121,4187,3,Y,No,14,3,3,80,1,7,3,3,0,0,0,0,0.005192805,0.994807195
50,Travel_Rarely,1322,Research & Development,28,3,Life Sciences,1,1317,4,Female,43,3,4,Research Director,1,Married,16880,22422,4,Y,Yes,11,3,2,80,0,25,2,3,3,2,1,2,0.011644742,0.988355258
37,Travel_Rarely,1225,Research & Development,10,2,Life Sciences,1,715,4,Male,80,4,1,Research Scientist,4,Single,4680,15232,3,Y,No,17,3,1,80,0,4,2,3,1,0,0,0,0.071288243,0.928711757
47,Travel_Rarely,249,Sales,2,2,Marketing,1,903,3,Female,35,3,2,Sales Executive,4,Married,4537,17783,0,Y,Yes,22,4,1,80,1,8,2,3,7,6,7,7,0.092424369,0.907575631
24,Travel_Rarely,350,Research & Development,21,2,Technical Degree,1,1551,3,Male,57,2,1,Laboratory Technician,1,Divorced,2296,10036,0,Y,No,14,3,2,80,3,2,3,3,1,1,0,0,0.429858453,0.570141547
18,Non-Travel,287,Research & Development,,2,Life Sciences,1,1012,2,Male,73,3,1,Research Scientist,4,Single,1051,13493,1,Y,No,15,3,4,80,0,0,2,3,0,0,0,0,0.07112462,0.92887538
29,Travel_Rarely,1247,Sales,20,2,Marketing,1,349,4,Male,45,3,2,Sales Executive,4,Divorced,6931,10732,2,Y,No,14,3,4,80,1,10,2,3,3,2,0,2,0.009641867,0.990358133
39,Travel_Rarely,492,Research & Development,12,3,Medical,1,1654,4,Male,66,3,2,Manufacturing Director,2,Married,5295,7693,4,Y,No,21,4,3,80,0,7,3,3,5,4,1,0,0.02020436,0.97979564
31,Travel_Rarely,311,Research & Development,20,3,Life Sciences,1,1881,2,Male,89,3,2,Laboratory Technician,3,Divorced,4197,18624,1,Y,No,11,3,1,80,1,10,2,3,10,8,0,2,0.008453706,0.991546294
36,Travel_Frequently,1213,Human Resources,2,1,Human Resources,1,1890,2,Male,94,2,2,Human Resources,4,Single,3886,4223,1,Y,No,21,4,4,80,0,10,2,2,10,1,0,8,0.090925908,0.909074092
34,Travel_Rarely,404,Research & Development,2,4,Technical Degree,1,1383,3,Female,98,3,2,Healthcare Representative,4,Single,6687,6163,1,Y,No,11,3,4,80,0,14,2,4,14,11,4,11,0.003696851,0.996303149
45,Travel_Rarely,788,Human Resources,24,4,Medical,1,1049,2,Male,36,3,1,Human Resources,2,Single,2177,8318,1,Y,No,16,3,1,80,0,6,3,3,6,3,0,4,0.411647357,0.588352643
23,Travel_Rarely,541,Sales,2,1,Technical Degree,1,113,3,Male,62,3,1,Sales Representative,1,Divorced,2322,9518,3,Y,No,13,3,3,80,1,3,3,3,0,0,0,0,0.273651291,0.726348709
32,Travel_Rarely,1373,Research & Development,,4,Life Sciences,1,1966,4,Male,56,2,2,Manufacturing Director,4,Single,9679,10138,8,Y,No,24,4,2,80,0,8,1,3,1,0,0,0,0.078197976,0.921802024
29,Travel_Rarely,1210,Sales,2,3,Medical,1,366,1,Male,78,2,2,Sales Executive,2,Married,6644,3687,2,Y,No,19,3,2,80,2,10,2,3,0,0,0,0,0.061341006,0.938658994
36,Travel_Rarely,928,Sales,1,2,Life Sciences,1,857,2,Male,56,3,2,Sales Executive,4,Married,6201,2823,1,Y,Yes,14,3,4,80,1,18,1,2,18,14,4,11,0.010755903,0.989244097
45,Travel_Rarely,374,Sales,20,3,Life Sciences,1,2046,4,Female,50,3,2,Sales Executive,3,Single,4850,23333,8,Y,No,15,3,3,80,0,8,3,3,5,3,0,1,0.11327797,0.88672203
24,Travel_Rarely,581,Research & Development,9,3,Medical,1,1707,3,Male,62,4,1,Research Scientist,3,Married,4401,17616,1,Y,No,16,3,4,80,1,5,1,3,5,3,0,4,0.013454104,0.986545896
38,Travel_Frequently,888,Human Resources,10,4,Human Resources,1,1563,3,Male,71,3,2,Human Resources,3,Married,6077,14814,3,Y,No,11,3,3,80,0,10,2,3,6,3,1,2,0.03734938,0.96265062
33,Travel_Frequently,1076,Research & Development,,3,Life Sciences,1,702,1,Male,70,3,1,Research Scientist,1,Single,3348,3164,1,Y,Yes,11,3,1,80,0,10,3,3,10,8,9,7,0.870834102,0.129165898
40,Non-Travel,1479,Sales,24,3,Life Sciences,1,986,2,Female,100,4,4,Sales Executive,2,Single,13194,17071,4,Y,Yes,16,3,4,80,0,22,2,2,1,0,0,0,0.112143429,0.887856571
33,Travel_Rarely,147,Research & Development,4,4,Medical,1,305,3,Female,47,2,1,Research Scientist,2,Married,2622,13248,6,Y,No,21,4,4,80,0,7,3,3,3,2,1,1,0.069641706,0.930358294
24,Travel_Rarely,1127,Research & Development,18,1,Life Sciences,1,150,2,Male,52,3,1,Laboratory Technician,3,Married,2774,13257,0,Y,No,12,3,3,80,1,6,2,3,5,3,1,2,0.075017353,0.924982647
31,Travel_Frequently,793,Sales,20,3,Life Sciences,1,1135,3,Male,67,4,1,Sales Representative,4,Married,2791,21981,0,Y,No,12,3,1,80,1,3,4,3,2,2,2,2,0.12137614,0.87862386
52,Travel_Rarely,621,Sales,,4,Marketing,1,776,3,Male,31,2,4,Manager,1,Married,16856,10084,1,Y,No,11,3,1,80,0,34,3,4,34,6,1,16,0.056838729,0.943161271
45,Travel_Rarely,1268,Sales,4,2,Life Sciences,1,240,3,Female,30,3,2,Sales Executive,1,Divorced,5006,6319,4,Y,Yes,11,3,1,80,1,9,3,4,5,4,0,3,0.100626056,0.899373944
44,Travel_Rarely,1099,Sales,,3,Marketing,1,1267,2,Male,88,3,5,Manager,2,Married,18213,8751,7,Y,No,11,3,3,80,1,26,5,3,22,9,3,10,0.049076252,0.950923748
,Travel_Rarely,895,Research & Development,15,2,Life Sciences,1,1102,1,Male,50,3,1,Laboratory Technician,3,Divorced,2207,22482,1,Y,No,16,3,4,80,1,4,5,2,4,2,2,2,0.123326238,0.876673762
46,Travel_Rarely,734,Research & Development,2,4,Medical,1,1789,3,Male,46,3,5,Research Director,4,Divorced,19328,14218,7,Y,Yes,17,3,3,80,1,24,3,3,2,1,2,2,0.008936069,0.991063931
58,Non-Travel,350,Sales,2,3,Medical,1,1824,2,Male,52,3,4,Manager,2,Divorced,16291,22577,4,Y,No,22,4,4,80,1,37,0,2,16,9,14,14,0.002018471,0.997981529
36,Travel_Rarely,325,Research & Development,10,4,Technical Degree,1,1312,4,Female,63,3,3,Healthcare Representative,3,Married,7094,5747,3,Y,No,12,3,1,80,0,10,0,3,7,7,1,7,0.027629833,0.972370167
37,Travel_Rarely,,Research & Development,1,3,Life Sciences,1,391,4,Female,42,3,1,Research Scientist,4,Single,2115,15881,1,Y,No,12,3,2,80,0,17,3,3,17,12,5,7,0.007507844,0.992492156
37,Travel_Rarely,674,Research & Development,13,3,Medical,1,1543,1,Male,47,3,2,Research Scientist,4,Married,4285,3031,1,Y,No,17,3,1,80,0,10,2,3,10,8,3,7,0.008289828,0.991710172
29,Travel_Rarely,986,Research & Development,,4,Medical,1,564,2,Male,93,2,3,Research Director,3,Married,11935,21526,1,Y,No,18,3,3,80,0,10,2,3,10,2,0,7,0.05498433,0.94501567
36,Travel_Rarely,711,Research & Development,,4,Life Sciences,1,1651,2,Female,42,3,3,Healthcare Representative,1,Married,8008,22792,4,Y,No,12,3,3,80,2,9,6,3,3,2,0,2,0.025468908,0.974531092
44,Travel_Rarely,1459,Research & Development,10,4,Other,1,40,4,Male,41,3,2,Healthcare Representative,4,Married,6465,19121,2,Y,Yes,13,3,4,80,0,9,5,4,4,2,1,3,0.018676844,0.981323156
47,Travel_Rarely,703,Sales,14,4,Marketing,1,728,4,Male,42,3,2,Sales Executive,1,Single,4960,11825,2,Y,No,12,3,4,80,0,20,2,3,7,7,1,7,0.026557332,0.973442668
32,Travel_Rarely,1045,Sales,4,4,Medical,1,291,4,Male,32,1,3,Sales Executive,4,Married,10400,25812,1,Y,No,11,3,3,80,0,14,2,2,14,8,9,8,0.171058145,0.828941855
44,Travel_Rarely,170,Research & Development,1,4,Life Sciences,1,1903,2,Male,78,4,2,Healthcare Representative,1,Married,5033,9364,2,Y,No,15,3,4,80,1,10,5,3,2,0,2,2,0.005910318,0.994089682
32,Travel_Rarely,495,Research & Development,10,3,Medical,1,1516,3,Male,64,3,3,Manager,4,Single,11244,21072,2,Y,No,25,4,2,80,0,10,5,4,5,2,0,0,0.029486221,0.970513779
34,Travel_Rarely,401,Research & Development,1,3,Life Sciences,1,1447,4,Female,86,2,1,Laboratory Technician,2,Married,3294,3708,5,Y,No,17,3,1,80,1,7,2,2,5,4,0,2,0.068169931,0.931830069
44,Travel_Rarely,986,Research & Development,8,4,Life Sciences,1,874,1,Male,62,4,1,Laboratory Technician,4,Married,2818,5044,2,Y,Yes,24,4,3,80,1,10,2,2,3,2,0,2,0.201787122,0.798212878
54,Travel_Rarely,,Research & Development,,3,Life Sciences,1,1250,4,Male,85,3,4,Research Director,4,Married,17779,23474,3,Y,No,14,3,1,80,0,36,2,3,10,9,0,9,3.95E-05,0.99996046
43,Travel_Rarely,920,Research & Development,,3,Life Sciences,1,1255,3,Male,96,1,5,Research Director,4,Married,19740,18625,3,Y,No,14,3,2,80,1,25,2,3,8,7,0,7,0.000934226,0.999065774
34,Travel_Frequently,1069,Research & Development,2,1,Life Sciences,1,256,4,Male,45,2,2,Manufacturing Director,3,Married,9547,14074,1,Y,No,17,3,3,80,0,10,2,2,10,9,1,9,0.001252417,0.998747583
,Travel_Frequently,575,Research & Development,,1,Technical Degree,1,510,3,Male,73,3,1,Research Scientist,1,Single,3102,6582,0,Y,No,22,4,3,80,0,7,2,3,6,4,0,4,0.211001692,0.788998308
38,Travel_Rarely,1009,Sales,2,2,Life Sciences,1,1355,2,Female,31,3,2,Sales Executive,1,Divorced,6893,19461,3,Y,No,15,3,4,80,1,11,3,3,7,7,1,7,0.003635321,0.996364679
,Travel_Frequently,783,Sales,1,2,Life Sciences,1,1927,3,Male,42,2,2,Sales Executive,4,Married,6834,19255,1,Y,Yes,12,3,3,80,1,7,2,3,7,7,0,7,0.066204137,0.933795863
37,Travel_Rarely,1462,Research & Development,11,3,Medical,1,1411,1,Female,94,3,1,Laboratory Technician,3,Single,3629,19106,4,Y,No,18,3,1,80,0,8,6,3,3,2,0,2,0.230010531,0.769989469
38,Non-Travel,573,Research & Development,6,3,Medical,1,107,2,Female,79,1,2,Research Scientist,4,Divorced,5329,15717,7,Y,Yes,12,3,4,80,3,17,3,3,13,11,1,9,0.004425839,0.995574161
,Travel_Rarely,572,Sales,10,3,Medical,1,1836,3,Male,46,3,2,Sales Executive,4,Single,4684,9125,1,Y,No,13,3,1,80,0,5,4,3,5,3,1,2,0.097375308,0.902624692
46,Travel_Frequently,1211,Sales,,4,Marketing,1,62,1,Male,98,3,2,Sales Executive,4,Single,5772,20445,4,Y,Yes,21,4,3,80,0,14,4,3,9,6,0,8,0.466192705,0.533807295
29,Non-Travel,1496,Research & Development,1,1,Technical Degree,1,208,4,Male,41,3,2,Manufacturing Director,3,Married,4319,26283,1,Y,No,13,3,1,80,1,10,1,3,10,7,0,9,0.003264776,0.996735224
29,Travel_Rarely,1252,Research & Development,23,2,Life Sciences,1,824,3,Male,81,4,1,Research Scientist,3,Married,2700,23779,1,Y,No,24,4,3,80,1,10,3,3,10,7,0,7,0.011502583,0.988497417
,Travel_Rarely,474,Research & Development,,3,Life Sciences,1,1581,1,Female,89,3,1,Research Scientist,4,Married,2061,11133,1,Y,No,21,4,1,80,0,1,5,3,1,0,0,0,0.033698295,0.966301705
24,Travel_Rarely,771,Research & Development,1,2,Life Sciences,1,1981,2,Male,45,2,2,Healthcare Representative,3,Single,4617,14120,1,Y,No,12,3,2,80,0,4,2,2,4,3,1,2,0.06344466,0.93655534
31,Travel_Frequently,523,Research & Development,2,3,Life Sciences,1,1464,2,Male,94,3,1,Laboratory Technician,4,Married,3722,21081,6,Y,Yes,13,3,3,80,1,7,2,1,2,2,2,2,0.676079127,0.323920873
48,Travel_Rarely,492,Sales,16,4,Life Sciences,1,1557,3,Female,96,3,2,Sales Executive,3,Divorced,6439,13693,8,Y,No,14,3,3,80,1,18,2,3,8,7,7,7,0.009940952,0.990059048
48,Travel_Frequently,708,Sales,7,2,Medical,1,1691,4,Female,95,3,1,Sales Representative,3,Married,2655,11740,2,Y,Yes,11,3,3,80,2,19,3,3,9,7,7,7,0.104023377,0.895976623
38,Travel_Rarely,345,Sales,10,2,Life Sciences,1,2041,1,Female,100,3,2,Sales Executive,4,Married,5343,5982,1,Y,No,11,3,3,80,1,10,1,3,10,7,1,9,0.006079144,0.993920856
27,Travel_Rarely,798,Research & Development,6,4,Medical,1,655,1,Female,66,2,1,Research Scientist,3,Divorced,2187,5013,0,Y,No,12,3,3,80,2,6,5,2,5,3,0,3,0.021519498,0.978480502
38,Travel_Rarely,1380,Research & Development,9,2,Life Sciences,1,245,3,Female,75,3,1,Laboratory Technician,4,Single,2288,6319,1,Y,No,12,3,3,80,0,2,3,3,2,2,2,1,0.110549296,0.889450704
42,Travel_Rarely,265,Sales,,2,Marketing,1,1029,4,Male,90,3,5,Manager,3,Married,18303,7770,6,Y,No,13,3,2,80,0,21,3,4,1,0,0,0,0.014644798,0.985355202
45,Non-Travel,1238,Research & Development,1,1,Life Sciences,1,1712,3,Male,74,2,3,Healthcare Representative,3,Married,10748,3395,3,Y,No,23,4,4,80,1,25,3,2,23,15,14,4,0.00724141,0.99275859
24,Travel_Rarely,1371,Sales,10,4,Marketing,1,507,4,Female,77,3,2,Sales Executive,3,Divorced,4260,5915,1,Y,Yes,12,3,4,80,1,5,2,4,5,2,0,3,0.088605715,0.911394285
34,Travel_Rarely,254,Research & Development,1,2,Life Sciences,1,649,2,Male,83,2,1,Research Scientist,4,Married,3622,22794,1,Y,Yes,13,3,4,80,1,6,3,3,6,5,1,3,0.11734165,0.88265835
,Travel_Rarely,,Research & Development,1,2,Medical,1,1083,1,Male,59,2,1,Laboratory Technician,1,Married,3955,11141,1,Y,No,16,3,1,80,2,6,2,3,5,3,1,3,0.264512614,0.735487386
47,Travel_Frequently,1093,Sales,9,3,Life Sciences,1,1716,3,Male,82,1,4,Sales Executive,3,Married,12936,24164,7,Y,No,11,3,3,80,0,25,3,1,23,5,14,10,0.869445649,0.130554351
,Travel_Frequently,772,Research & Development,2,1,Life Sciences,1,1653,4,Male,77,4,2,Manufacturing Director,3,Divorced,5206,4973,1,Y,No,17,3,3,80,2,7,6,3,7,7,0,7,0.000368196,0.999631804
41,Travel_Rarely,483,Research & Development,6,3,Medical,1,466,4,Male,95,2,2,Manufacturing Director,2,Single,6032,10110,6,Y,Yes,15,3,4,80,0,8,3,3,5,4,1,2,0.447852224,0.552147776
20,Travel_Rarely,1141,Sales,2,3,Medical,1,1657,3,Female,31,3,1,Sales Representative,3,Single,2783,13251,1,Y,No,19,3,1,80,0,2,3,3,2,2,2,2,0.162279554,0.837720446
,Travel_Frequently,426,Human Resources,17,4,Life Sciences,1,608,2,Female,58,3,1,Human Resources,3,Divorced,2741,22808,0,Y,Yes,11,3,2,80,1,8,2,2,7,7,1,0,0.202609332,0.797390668
47,Travel_Frequently,719,Sales,27,2,Life Sciences,1,785,2,Female,77,4,2,Sales Executive,3,Single,6397,10339,4,Y,Yes,12,3,4,80,0,8,2,3,5,4,1,3,0.43001541,0.56998459
,Travel_Frequently,575,Research & Development,1,2,Life Sciences,1,792,1,Female,71,1,1,Laboratory Technician,4,Divorced,4364,5288,3,Y,No,14,3,1,80,1,5,2,3,2,2,2,0,0.199945488,0.800054512
37,Travel_Rarely,1470,Research & Development,10,3,Medical,1,1640,2,Female,71,3,1,Research Scientist,2,Married,3936,9953,1,Y,No,11,3,1,80,1,8,2,1,8,4,7,7,0.149135875,0.850864125
40,Travel_Rarely,1300,Research & Development,24,2,Technical Degree,1,335,1,Male,62,3,2,Research Scientist,4,Divorced,3319,24447,1,Y,No,17,3,1,80,2,9,3,3,9,8,4,7,0.014920614,0.985079386
,Travel_Rarely,309,Human Resources,2,3,Human Resources,1,1987,3,Female,82,3,1,Human Resources,2,Married,2187,19655,4,Y,No,14,3,3,80,0,6,3,3,2,0,1,2,0.079835862,0.920164138
47,Non-Travel,1169,Research & Development,14,4,Technical Degree,1,1934,3,Male,64,3,2,Research Scientist,2,Married,5467,2125,8,Y,No,18,3,3,80,1,16,4,4,8,7,1,7,0.008409298,0.991590702
29,Travel_Rarely,592,Research & Development,7,3,Life Sciences,1,1883,4,Male,59,3,1,Laboratory Technician,1,Single,2062,19384,3,Y,No,14,3,2,80,0,11,2,3,3,2,1,2,0.238047968,0.761952032
36,Travel_Rarely,884,Sales,1,4,Life Sciences,1,1585,2,Female,73,3,2,Sales Executive,3,Single,6815,21447,6,Y,No,13,3,1,80,0,15,5,3,1,0,0,0,0.065649925,0.934350075
34,Travel_Rarely,1326,Sales,,3,Other,1,1478,4,Male,81,1,2,Sales Executive,1,Single,4759,15891,3,Y,No,18,3,4,80,0,15,2,3,13,9,3,12,0.107110246,0.892889754
27,Travel_Rarely,954,Sales,9,3,Marketing,1,1965,4,Male,44,3,2,Sales Executive,4,Single,4105,5099,1,Y,No,14,3,1,80,0,7,5,3,7,7,0,7,0.023519566,0.976480434
32,Travel_Rarely,929,Sales,10,3,Marketing,1,722,4,Male,55,3,2,Sales Executive,4,Single,5396,21703,1,Y,No,12,3,4,80,0,10,2,2,10,7,0,8,0.023690836,0.976309164
50,Travel_Frequently,1234,Research & Development,20,5,Medical,1,1606,2,Male,41,3,4,Healthcare Representative,3,Married,11245,20689,2,Y,Yes,15,3,3,80,1,32,3,3,30,8,12,13,0.241613451,0.758386549
30,Travel_Rarely,852,Sales,10,3,Marketing,1,1179,3,Male,72,2,2,Sales Executive,3,Married,6578,2706,1,Y,No,18,3,1,80,1,10,3,3,10,3,1,4,0.112658244,0.887341756
21,Travel_Rarely,156,Sales,12,3,Life Sciences,1,494,3,Female,90,4,1,Sales Representative,2,Single,2716,25422,1,Y,No,15,3,4,80,0,1,0,3,1,0,0,0,0.123818976,0.876181024
,Travel_Rarely,,Sales,23,3,Marketing,1,72,3,Female,47,2,2,Sales Executive,4,Married,4157,21436,7,Y,Yes,19,3,3,80,1,5,2,2,2,2,0,0,0.77808854,0.22191146
27,Travel_Rarely,269,Research & Development,,1,Technical Degree,1,844,3,Male,42,2,3,Research Director,4,Divorced,12808,8842,1,Y,Yes,16,3,2,80,1,9,3,3,9,8,0,8,0.041142552,0.958857448
43,Travel_Frequently,775,Sales,15,3,Life Sciences,1,754,4,Male,47,2,2,Sales Executive,4,Married,6804,23683,3,Y,No,18,3,3,80,1,7,5,3,2,2,2,2,0.03632478,0.96367522
31,Travel_Rarely,,Research & Development,2,4,Life Sciences,1,426,3,Male,32,3,1,Research Scientist,4,Divorced,2695,7747,0,Y,Yes,18,3,2,80,1,3,2,1,2,2,2,2,0.153003285,0.846996715
,Travel_Rarely,1402,Sales,28,4,Life Sciences,1,1554,2,Female,98,2,1,Sales Representative,3,Married,2430,26204,0,Y,No,23,4,1,80,2,6,5,3,5,3,4,2,0.245951409,0.754048591
22,Travel_Rarely,534,Research & Development,15,3,Medical,1,144,2,Female,59,3,1,Laboratory Technician,4,Single,2871,23785,1,Y,No,15,3,3,80,0,1,5,3,0,0,0,0,0.123589271,0.876410729
44,Travel_Rarely,921,Research & Development,2,3,Life Sciences,1,1703,3,Female,96,4,3,Healthcare Representative,4,Married,7879,14810,1,Y,Yes,19,3,2,80,1,9,2,3,8,7,6,7,0.019057519,0.980942481
37,Travel_Rarely,807,Human Resources,6,4,Human Resources,1,133,3,Male,63,3,1,Human Resources,1,Divorced,2073,23648,4,Y,Yes,22,4,4,80,0,7,3,3,3,2,0,2,0.455080525,0.544919475
42,Travel_Frequently,1368,Research & Development,28,4,Technical Degree,1,551,4,Female,88,2,2,Healthcare Representative,4,Married,4523,4386,0,Y,No,11,3,4,80,3,7,4,4,6,5,0,4,0.005802447,0.994197553
42,Travel_Rarely,1265,Research & Development,,3,Life Sciences,1,894,3,Female,95,4,2,Laboratory Technician,4,Married,5231,23726,2,Y,Yes,13,3,2,80,1,17,1,2,5,3,1,3,0.010157032,0.989842968
31,Travel_Rarely,1463,Research & Development,23,3,Medical,1,367,2,Male,64,2,2,Healthcare Representative,4,Married,5582,14408,0,Y,No,21,4,2,80,1,10,2,3,9,0,7,8,0.131133303,0.868866697
36,Travel_Rarely,917,Research & Development,6,4,Life Sciences,1,1221,3,Male,60,1,1,Laboratory Technician,3,Divorced,2741,6865,1,Y,No,14,3,3,80,1,7,4,3,7,7,1,7,0.026525388,0.973474612
18,Travel_Rarely,230,Research & Development,,3,Life Sciences,1,405,3,Male,54,3,1,Laboratory Technician,3,Single,1420,25233,1,Y,No,13,3,3,80,0,0,2,3,0,0,0,0,0.238086343,0.761913657
47,Travel_Frequently,217,Sales,,3,Medical,1,746,4,Female,49,3,4,Sales Executive,3,Divorced,13770,10225,9,Y,Yes,12,3,4,80,2,28,2,2,22,2,11,13,0.5573466,0.4426534
34,Travel_Rarely,1320,Research & Development,20,3,Technical Degree,1,1265,3,Female,89,4,1,Research Scientist,3,Married,2585,21643,0,Y,No,17,3,4,80,0,2,5,2,1,0,0,0,0.081965203,0.918034797
58,Travel_Rarely,1272,Research & Development,,3,Technical Degree,1,940,3,Female,37,2,3,Healthcare Representative,2,Divorced,10552,9255,2,Y,Yes,13,3,4,80,1,24,3,3,6,0,0,4,0.040745029,0.959254971
36,Travel_Rarely,329,Research & Development,2,3,Life Sciences,1,501,4,Female,96,3,1,Research Scientist,3,Married,2543,11868,4,Y,No,13,3,2,80,1,6,3,3,2,2,2,2,0.013281392,0.986718608
44,Travel_Frequently,920,Research & Development,24,3,Life Sciences,1,392,4,Male,43,3,1,Laboratory Technician,3,Divorced,3161,19920,3,Y,Yes,22,4,4,80,1,19,0,1,1,0,0,0,0.313904362,0.686095638
40,Travel_Frequently,692,Research & Development,11,3,Technical Degree,1,1985,4,Female,73,3,2,Laboratory Technician,3,Married,6323,26849,1,Y,No,11,3,1,80,1,10,2,4,10,9,9,4,0.034594388,0.965405612
54,Travel_Rarely,155,Research & Development,9,2,Life Sciences,1,1969,1,Female,67,3,2,Research Scientist,3,Married,2897,22474,3,Y,No,11,3,3,80,2,9,6,2,4,3,2,3,0.005805555,0.994194445
58,Travel_Rarely,147,Research & Development,23,4,Medical,1,165,4,Female,94,3,3,Healthcare Representative,4,Married,10312,3465,1,Y,No,12,3,4,80,1,40,3,2,40,10,15,6,0.189911564,0.810088436
23,Travel_Rarely,427,Sales,7,3,Life Sciences,1,1702,3,Male,99,3,1,Sales Representative,4,Divorced,2275,25103,1,Y,Yes,21,4,2,80,1,3,2,3,3,2,0,2,0.307813213,0.692186787
31,Travel_Frequently,444,Sales,,3,Marketing,1,399,4,Female,84,3,1,Sales Representative,2,Divorced,2789,3909,1,Y,No,11,3,3,80,1,2,5,2,2,2,2,2,0.103868091,0.896131909
38,Travel_Rarely,827,Research & Development,1,4,Life Sciences,1,724,2,Female,33,4,2,Healthcare Representative,4,Single,7625,19383,0,Y,No,13,3,3,80,0,10,4,2,9,7,1,8,0.001086682,0.998913318
38,Travel_Rarely,397,Research & Development,2,2,Medical,1,1638,4,Female,54,2,3,Manufacturing Director,3,Married,7756,14199,3,Y,Yes,19,3,4,80,1,10,6,4,5,4,0,2,0.053772416,0.946227584
,Travel_Rarely,995,Research & Development,9,3,Medical,1,930,3,Female,77,3,1,Research Scientist,3,Divorced,2377,9834,5,Y,No,18,3,2,80,1,6,2,3,2,2,2,2,0.024911564,0.975088436
,Travel_Rarely,933,Sales,1,3,Life Sciences,1,476,3,Male,57,3,2,Sales Executive,3,Married,5296,20156,1,Y,No,17,3,2,80,1,8,3,3,8,7,7,7,0.014091922,0.985908078
27,Travel_Rarely,1157,Research & Development,17,3,Technical Degree,1,233,3,Male,51,3,1,Research Scientist,2,Married,3058,13364,0,Y,Yes,16,3,4,80,1,6,3,2,5,2,1,1,0.753916824,0.246083176
32,Travel_Rarely,529,Research & Development,2,3,Technical Degree,1,2038,4,Male,78,3,1,Research Scientist,1,Single,2439,11288,1,Y,No,14,3,4,80,0,4,4,3,4,2,1,2,0.273255447,0.726744553
37,Travel_Rarely,977,Research & Development,1,3,Life Sciences,1,1196,4,Female,56,2,2,Manufacturing Director,4,Married,6474,9961,1,Y,No,13,3,2,80,1,14,2,2,14,8,3,11,0.001187572,0.998812428
29,Travel_Rarely,469,Sales,10,3,Medical,1,1650,3,Male,42,2,2,Sales Executive,3,Single,5869,23413,9,Y,No,11,3,3,80,0,8,2,3,5,2,1,4,0.454622981,0.545377019
46,Travel_Rarely,,Research & Development,1,4,Medical,1,288,4,Male,97,3,3,Healthcare Representative,1,Divorced,9396,12368,7,Y,No,16,3,3,80,1,17,3,3,4,2,0,3,0.017939164,0.982060836
36,Travel_Rarely,559,Research & Development,12,4,Life Sciences,1,1614,3,Female,76,3,2,Manufacturing Director,3,Married,4663,12421,9,Y,Yes,12,3,2,80,2,7,2,3,3,2,1,1,0.263156161,0.736843839
32,Travel_Rarely,1033,Research & Development,9,3,Medical,1,190,1,Female,41,3,1,Laboratory Technician,1,Single,4200,10224,7,Y,No,22,4,1,80,0,10,2,4,5,4,0,4,0.352117229,0.647882771
30,Travel_Rarely,241,Research & Development,7,3,Medical,1,1609,2,Male,48,2,1,Research Scientist,2,Married,2141,5348,1,Y,No,12,3,2,80,1,6,3,2,6,4,1,1,0.138077093,0.861922907
31,Non-Travel,587,Sales,2,4,Life Sciences,1,1324,4,Female,57,3,3,Sales Executive,3,Divorced,9852,8935,1,Y,Yes,19,3,1,80,1,10,5,2,10,8,9,6,0.111950899,0.888049101
34,Travel_Rarely,810,Sales,8,2,Technical Degree,1,1823,2,Male,92,4,2,Sales Executive,3,Married,6799,22128,1,Y,No,21,4,3,80,2,10,5,3,10,8,4,8,0.019230203,0.980769797
44,Travel_Frequently,602,Human Resources,1,5,Human Resources,1,1642,1,Male,37,3,2,Human Resources,4,Married,5743,10503,4,Y,Yes,11,3,3,80,0,14,3,3,10,7,0,2,0.04215579,0.95784421
58,Travel_Frequently,781,Research & Development,2,1,Life Sciences,1,918,4,Male,57,2,1,Laboratory Technician,4,Divorced,2380,13384,9,Y,Yes,14,3,4,80,1,3,3,2,1,0,0,0,0.617194618,0.382805382
44,Travel_Rarely,935,Research & Development,,3,Life Sciences,1,1333,1,Male,89,3,1,Laboratory Technician,1,Married,2362,14669,4,Y,No,12,3,3,80,0,10,4,4,3,2,1,2,0.145802152,0.854197848
31,Travel_Rarely,1079,Sales,10,2,Medical,1,1912,3,Female,86,3,2,Sales Executive,4,Divorced,6583,20115,2,Y,Yes,11,3,4,80,1,8,2,3,5,2,1,4,0.056439931,0.943560069
38,Travel_Rarely,1084,Research & Development,29,3,Technical Degree,1,273,4,Male,54,3,2,Manufacturing Director,4,Married,6261,4185,3,Y,No,18,3,1,80,1,9,3,1,7,7,1,7,0.109072597,0.890927403
,Travel_Rarely,180,Research & Development,2,1,Medical,1,854,1,Male,65,4,1,Research Scientist,1,Single,3424,21632,7,Y,No,13,3,3,80,0,6,3,2,4,3,0,1,0.268533602,0.731466398
,Travel_Rarely,1258,Research & Development,1,4,Life Sciences,1,826,4,Female,40,4,1,Research Scientist,3,Single,2506,13301,3,Y,No,13,3,3,80,0,7,0,3,2,2,2,2,0.027224498,0.972775502
36,Travel_Rarely,188,Research & Development,7,4,Other,1,949,2,Male,65,3,1,Research Scientist,4,Single,4678,23293,2,Y,No,18,3,3,80,0,8,6,3,6,2,0,1,0.088471598,0.911528402
36,Travel_Rarely,557,Sales,,3,Medical,1,2024,1,Female,94,2,3,Sales Executive,4,Married,7644,12695,0,Y,No,19,3,3,80,2,10,2,3,9,7,3,4,0.036988112,0.963011888
39,Travel_Frequently,766,Sales,20,3,Life Sciences,1,1812,3,Male,83,3,2,Sales Executive,4,Divorced,4127,19188,2,Y,No,18,3,4,80,1,7,6,3,2,1,2,2,0.0175791,0.9824209
,Travel_Rarely,809,Research & Development,16,3,Medical,1,14,1,Male,84,4,1,Laboratory Technician,2,Married,2426,16479,0,Y,No,13,3,3,80,1,6,5,3,5,4,0,3,0.065537046,0.934462954
41,Travel_Frequently,857,Research & Development,10,3,Life Sciences,1,199,4,Male,91,2,4,Manager,1,Divorced,17181,12888,4,Y,No,13,3,2,80,1,21,2,2,7,6,7,7,0.009228228,0.990771772
36,Travel_Rarely,530,Sales,,1,Life Sciences,1,967,3,Male,51,2,3,Sales Executive,4,Married,10325,5518,1,Y,Yes,11,3,1,80,1,16,6,3,16,7,3,7,0.201488388,0.798511612
29,Travel_Frequently,442,Sales,2,2,Life Sciences,1,388,2,Male,44,3,2,Sales Executive,4,Single,4554,20260,1,Y,No,18,3,1,80,0,10,3,2,10,7,0,9,0.051431814,0.948568186
36,Travel_Frequently,566,Research & Development,18,4,Life Sciences,1,407,3,Male,81,4,1,Laboratory Technician,4,Married,3688,7122,4,Y,No,18,3,4,80,2,4,2,3,1,0,0,0,0.117205874,0.882794126
33,Travel_Rarely,213,Research & Development,7,3,Medical,1,817,3,Male,49,3,3,Research Director,3,Married,11691,25995,0,Y,No,11,3,4,80,0,14,3,4,13,9,3,7,0.003195173,0.996804827
36,Travel_Rarely,506,Research & Development,,3,Technical Degree,1,397,3,Male,30,3,2,Research Scientist,2,Single,4485,26285,4,Y,No,12,3,4,80,0,10,2,3,8,0,7,7,0.455174759,0.544825241
38,Travel_Rarely,1495,Research & Development,10,3,Medical,1,634,3,Female,76,3,2,Healthcare Representative,3,Married,9824,22174,3,Y,No,19,3,3,80,1,18,4,3,1,0,0,0,0.001147115,0.998852885
54,Travel_Rarely,376,Research & Development,19,4,Medical,1,799,4,Female,95,3,2,Manufacturing Director,1,Divorced,5485,22670,9,Y,Yes,11,3,2,80,2,9,4,3,5,3,1,4,0.138140326,0.861859674
37,Non-Travel,1413,Research & Development,,2,Technical Degree,1,1440,3,Male,84,4,1,Laboratory Technician,3,Single,3500,25470,0,Y,No,14,3,1,80,0,7,2,1,6,5,1,3,0.261967387,0.738032613
33,Non-Travel,,Sales,8,1,Life Sciences,1,1044,2,Female,88,2,1,Sales Representative,4,Single,2342,21437,0,Y,No,19,3,4,80,0,3,2,2,2,2,2,2,0.062619818,0.937380182
50,Travel_Rarely,410,Sales,28,3,Marketing,1,2055,4,Male,39,2,3,Sales Executive,1,Divorced,10854,16586,4,Y,Yes,13,3,2,80,1,20,3,3,3,2,2,0,0.42134741,0.57865259
49,Travel_Rarely,470,Research & Development,20,4,Medical,1,170,3,Female,96,3,2,Manufacturing Director,1,Married,6567,5549,1,Y,No,14,3,3,80,0,16,2,2,15,11,5,11,0.008454126,0.991545874
33,Travel_Frequently,430,Sales,7,3,Medical,1,1477,4,Male,54,3,2,Sales Executive,1,Married,4373,17456,0,Y,No,14,3,1,80,2,5,2,3,4,3,0,3,0.058563852,0.941436148
27,Non-Travel,210,Sales,1,1,Marketing,1,449,3,Male,73,3,2,Sales Executive,2,Married,6349,22107,0,Y,Yes,13,3,4,80,1,6,0,3,5,4,1,4,0.067475769,0.932524231
,Travel_Rarely,1157,Research & Development,2,4,Medical,1,440,1,Male,84,1,1,Research Scientist,4,Married,3464,24737,5,Y,Yes,13,3,4,80,0,5,4,2,3,2,2,2,0.68392154,0.31607846
39,Travel_Rarely,1383,Human Resources,2,3,Life Sciences,1,909,4,Female,42,2,2,Human Resources,4,Married,5204,7790,8,Y,No,11,3,3,80,2,13,2,3,5,4,0,4,0.003277949,0.996722051
,Travel_Rarely,104,Research & Development,2,3,Life Sciences,1,1569,1,Female,69,3,1,Laboratory Technician,1,Divorced,2074,26619,1,Y,Yes,12,3,4,80,1,1,2,3,1,0,0,0,0.499742272,0.500257728
